team,adj_off_eff,adj_def_eff,adj_tempo,adj_em,efficiency_differential
Abilene Christian,102.181,107.448,66.9733,-5.26775,-5.266999999999996
Air Force,96.5754,116.147,65.9718,-19.5714,-19.571600000000004
Akron,121.008,107.936,70.6866,13.0719,13.071999999999989
Alabama,129.533,102.943,73.0985,26.5906,26.58999999999999
Alabama A&M,103.849,116.382,65.2286,-12.533,-12.533000000000001
Alabama St.,101.465,114.359,69.3087,-12.8942,-12.893999999999991
Albany,103.841,118.217,65.1762,-14.3755,-14.376000000000005
Alcorn St.,98.8275,117.944,67.0112,-19.1164,-19.116500000000002
American,105.251,111.706,66.7076,-6.45447,-6.454999999999998
Appalachian St.,106.143,107.672,62.8032,-1.52906,-1.5289999999999964
Arizona,126.818,89.6871,70.065,37.1308,37.1309
Arizona St.,117.367,104.913,68.72,12.4545,12.454000000000008
Arkansas,127.968,102.488,70.8133,25.4799,25.480000000000004
Arkansas Pine Bluff,103.099,118.025,68.7594,-14.9258,-14.926000000000002
Arkansas St.,111.13,109.425,72.187,1.70527,1.7049999999999983
Army,101.199,119.37,67.0033,-18.1715,-18.171000000000006
Auburn,125.648,106.919,67.0916,18.7286,18.729
Austin Peay,108.479,108.349,69.5024,0.129816,0.12999999999999545
Ball St.,98.1055,110.687,63.4568,-12.5815,-12.581499999999991
Baylor,122.37,106.894,67.7025,15.4762,15.475999999999999
Bellarmine,116.384,125.768,64.5746,-9.38347,-9.384
Belmont,121.218,106.777,68.9041,14.4412,14.441000000000003
Bethune Cookman,103.648,109.302,69.1028,-5.65396,-5.654000000000011
Binghamton,97.7692,123.157,65.2056,-25.3873,-25.3878
Boise St.,116.845,103.464,65.3677,13.3814,13.381
Boston College,104.251,103.733,65.3877,0.517822,0.5180000000000007
Boston University,111.799,119.653,63.1713,-7.8542,-7.853999999999999
Bowling Green,107.258,105.995,68.0905,1.2629,1.262999999999991
Bradley,111.534,107.926,67.0725,3.60859,3.608000000000004
Brown,98.608,108.59,66.304,-9.98239,-9.982
Bryant,96.4744,118.914,64.3285,-22.4397,-22.4396
Bucknell,98.177,115.873,66.8348,-17.6964,-17.695999999999998
Buffalo,112.889,115.484,66.4835,-2.59478,-2.594999999999999
Butler,117.271,107.055,68.2512,10.2164,10.215999999999994
BYU,125.918,102.565,69.8955,23.353,23.35300000000001
Cal Baptist,107.854,103.401,65.2084,4.45289,4.453000000000003
Cal Poly,109.063,113.036,73.6357,-3.97333,-3.972999999999999
Cal St. Bakersfield,101.939,117.193,69.7328,-15.254,-15.254000000000005
Cal St. Fullerton,110.527,111.334,72.4926,-0.806714,-0.8070000000000022
California,114.085,102.8,67.5979,11.2855,11.284999999999997
Campbell,110.552,112.97,69.3487,-2.41797,-2.417999999999992
Canisius,95.1133,114.473,64.1492,-19.3593,-19.359700000000004
Central Arkansas,110.347,109.355,67.8197,0.992236,0.9919999999999902
Central Connecticut,105.258,117.39,65.1,-12.1325,-12.132000000000005
Central Michigan,106.592,114.815,66.9607,-8.2232,-8.222999999999999
Charleston,107.92,107.053,67.7383,0.867363,0.8670000000000044
Charleston Southern,106.026,112.56,71.4083,-6.53379,-6.534000000000006
Charlotte,113.196,114.94,63.5242,-1.74337,-1.7439999999999998
Chattanooga,104.746,116.628,67.1183,-11.8818,-11.882000000000005
Chicago St.,98.4052,118.476,65.3994,-20.0712,-20.070800000000006
Cincinnati,111.61,94.4359,67.5732,17.1736,17.174099999999996
Clemson,116.396,96.8943,64.0784,19.502,19.5017
Cleveland St.,110.012,124.41,69.3015,-14.398,-14.397999999999996
Coastal Carolina,102.198,107.792,66.8818,-5.59455,-5.594000000000008
Colgate,107.521,114.619,66.8452,-7.09786,-7.097999999999999
Colorado,117.694,106.256,68.8042,11.4378,11.438000000000002
Colorado St.,120.332,110.827,62.463,9.50452,9.504999999999995
Columbia,108.495,110.172,66.4208,-1.67791,-1.6769999999999925
Connecticut,123.381,94.1144,64.8296,29.2664,29.266599999999997
Coppin St.,92.4385,120.076,68.0373,-27.6378,-27.63749999999999
Cornell,118.743,118.8,71.3491,-0.0567223,-0.05700000000000216
Creighton,116.887,106.559,67.2461,10.3276,10.328000000000003
CSUN,108.863,108.717,73.4621,0.146841,0.1460000000000008
Dartmouth,104.927,113.462,69.2737,-8.53464,-8.534999999999997
Davidson,111.443,105.205,63.2785,6.23754,6.2379999999999995
Dayton,111.801,100.756,67.4859,11.0447,11.045000000000002
Delaware,105.545,115.239,62.7016,-9.6933,-9.694000000000003
Delaware St.,88.1537,115.747,66.1958,-27.593,-27.5933
Denver,116.881,121.864,67.7812,-4.98267,-4.983000000000004
DePaul,108.781,101.721,65.8501,7.06062,7.060000000000002
Detroit Mercy,108.447,114.118,68.9652,-5.67094,-5.670999999999992
Drake,110.419,113.532,67.2828,-3.11311,-3.1129999999999995
Drexel,103.05,107.634,64.2111,-4.5838,-4.584000000000003
Duke,127.694,88.0769,65.3911,39.6167,39.61710000000001
Duquesne,111.366,107.639,69.2234,3.72638,3.727000000000004
East Carolina,102.812,111.003,68.3538,-8.19091,-8.191000000000003
East Tennessee St.,110.576,108.57,66.0357,2.00663,2.0060000000000002
East Texas A&M,100.175,110.777,68.066,-10.6019,-10.602000000000004
Eastern Illinois,95.8074,111.387,65.6123,-15.5792,-15.5796
Eastern Kentucky,109.314,119.906,67.2424,-10.5922,-10.592000000000013
Eastern Michigan,102.325,108.399,66.2216,-6.07364,-6.073999999999998
Eastern Washington,113.286,112.528,67.5495,0.757714,0.7579999999999956
Elon,112.22,116.702,66.7553,-4.48154,-4.481999999999999
Evansville,101.666,114.503,67.0192,-12.8364,-12.837000000000003
Fairfield,108.213,115.468,66.9193,-7.25476,-7.25500000000001
Fairleigh Dickinson,101.238,118.688,63.668,-17.45,-17.450000000000003
FIU,107.366,110.207,71.7817,-2.84125,-2.840999999999994
Florida,125.721,90.7363,70.7016,34.9852,34.984700000000004
Florida A&M,97.9949,111.72,67.9781,-13.7246,-13.725099999999998
Florida Atlantic,111.158,106.787,69.4862,4.37036,4.370999999999995
Florida Gulf Coast,105.9,114.173,67.7443,-8.27245,-8.272999999999996
Florida St.,116.507,104.795,70.375,11.7113,11.712000000000003
Fordham,104.208,104.329,64.0086,-0.121508,-0.12099999999999511
Fresno St.,108.334,104.634,67.9606,3.70002,3.700000000000003
Furman,106.197,109.339,65.7864,-3.14206,-3.141999999999996
Gardner Webb,95.985,123.228,69.4484,-27.2427,-27.242999999999995
George Mason,112.752,106.988,63.6704,5.76373,5.763999999999996
George Washington,119.546,108.695,69.0755,10.8504,10.851000000000013
Georgetown,114.876,105.842,66.153,9.03385,9.034000000000006
Georgia,124.849,104.341,71.0348,20.5084,20.50800000000001
Georgia Southern,107.827,116.287,70.5883,-8.46061,-8.460000000000008
Georgia St.,99.3971,111.807,67.5557,-12.41,-12.409900000000007
Georgia Tech,107.806,107.711,70.512,0.0942845,0.09499999999999886
Gonzaga,122.296,94.0225,69.0142,28.2736,28.273500000000013
Grambling St.,97.8901,109.242,67.5046,-11.352,-11.3519
Grand Canyon,110.526,97.7203,67.5421,12.8059,12.805700000000002
Green Bay,112.784,115.473,63.0476,-2.68946,-2.688999999999993
Hampton,102.165,111.198,64.9375,-9.03259,-9.032999999999987
Harvard,107.178,106.311,62.8294,0.866784,0.8669999999999902
Hawaii,106.797,101.243,69.4727,5.55428,5.554000000000002
High Point,118.448,109.893,69.6711,8.55536,8.554999999999993
Hofstra,114.198,105.938,65.2018,8.26048,8.259999999999991
Holy Cross,100.659,117.757,65.2775,-17.0986,-17.098
Houston,125.141,92.4653,63.1996,32.6758,32.675700000000006
Houston Christian,103.587,115.92,63.8423,-12.3331,-12.332999999999998
Howard,102.73,105.863,68.9444,-3.13367,-3.1329999999999956
Idaho,108.61,109.605,67.6007,-0.994703,-0.9950000000000045
Idaho St.,110.686,116.939,64.9189,-6.25299,-6.252999999999986
Illinois,132.247,99.141,65.2451,33.1055,33.10600000000001
Illinois Chicago,110.279,103.8,66.1217,6.47874,6.478999999999999
Illinois St.,110.73,103.459,66.8263,7.27108,7.271000000000001
Incarnate Word,108.478,116.951,65.5495,-8.47299,-8.472999999999999
Indiana,120.889,102.998,66.1025,17.8907,17.89099999999999
Indiana St.,105.99,110.274,68.1229,-4.28407,-4.284000000000006
Iona,104.581,111.58,68.4726,-6.99939,-6.998999999999995
Iowa,121.984,99.7087,62.7788,22.2755,22.2753
Iowa St.,123.798,93.5448,66.5518,30.2534,30.253200000000007
IU Indy,105.755,119.317,72.8423,-13.5622,-13.561999999999998
Jackson St.,99.7696,119.0,69.5336,-19.2308,-19.230400000000003
Jacksonville,102.778,114.376,63.0958,-11.5981,-11.597999999999999
Jacksonville St.,106.509,109.755,65.0034,-3.24546,-3.245999999999995
James Madison,109.09,113.146,65.3246,-4.05568,-4.055999999999997
Kansas,120.251,93.9313,67.06,26.3197,26.31970000000001
Kansas City,92.4337,116.589,69.7142,-24.1554,-24.155299999999997
Kansas St.,112.854,105.925,72.2548,6.9281,6.929000000000002
Kennesaw St.,110.365,110.882,71.1933,-0.516868,-0.5170000000000101
Kent St.,111.407,110.842,70.2167,0.564391,0.5649999999999977
Kentucky,121.069,99.0301,67.7861,22.0386,22.038899999999998
La Salle,103.65,109.123,64.7136,-5.47246,-5.472999999999999
Lafayette,100.607,115.64,66.583,-15.0324,-15.033000000000001
Lamar,104.367,109.248,65.263,-4.88132,-4.881
Le Moyne,102.083,113.176,69.4071,-11.0932,-11.093000000000004
Lehigh,103.049,114.641,66.7485,-11.5922,-11.591999999999999
Liberty,117.672,112.347,64.046,5.32486,5.325000000000003
Lindenwood,101.589,110.221,72.2411,-8.63153,-8.632000000000005
Lipscomb,108.018,109.231,69.4941,-1.21321,-1.2129999999999939
Little Rock,103.827,116.443,66.2704,-12.6161,-12.616
LIU,105.528,109.183,68.0392,-3.65506,-3.655000000000001
Long Beach St.,105.8,112.783,68.2074,-6.983,-6.983000000000004
Longwood,103.426,112.406,68.3015,-8.98017,-8.980000000000004
Louisiana,99.8421,113.263,62.6013,-13.4212,-13.420900000000003
Louisiana Monroe,101.117,122.304,70.1763,-21.1868,-21.186999999999998
Louisiana Tech,100.207,106.822,64.3917,-6.61565,-6.615000000000009
Louisville,124.663,98.7515,70.4518,25.9115,25.911500000000004
Loyola Chicago,102.685,115.604,66.1962,-12.9195,-12.918999999999997
Loyola Marymount,107.097,105.783,66.9847,1.3142,1.313999999999993
Loyola MD,103.716,118.387,68.2283,-14.671,-14.671000000000006
LSU,120.129,106.478,66.5014,13.6515,13.65100000000001
Maine,92.7342,112.534,64.7123,-19.7995,-19.799800000000005
Manhattan,106.288,122.489,67.5653,-16.2011,-16.201000000000008
Marist,100.248,102.597,66.0476,-2.3486,-2.3489999999999895
Marquette,112.774,104.615,68.7277,8.15948,8.159000000000006
Marshall,113.026,115.768,69.22,-2.74132,-2.7420000000000044
Maryland,111.936,107.992,66.2052,3.94376,3.9440000000000026
Maryland Eastern Shore,95.2042,114.328,62.8054,-19.1243,-19.123800000000003
Massachusetts,108.602,111.785,69.7846,-3.18266,-3.1829999999999927
McNeese,114.967,102.834,66.1854,12.1333,12.132999999999996
Memphis,106.983,102.317,69.8715,4.66621,4.666000000000011
Mercer,112.562,113.833,68.9599,-1.27096,-1.2710000000000008
Mercyhurst,102.054,112.625,64.385,-10.5709,-10.570999999999998
Merrimack,107.68,108.608,63.2207,-0.928044,-0.9279999999999973
Miami FL,120.635,100.067,67.952,20.5681,20.568000000000012
Miami OH,116.561,107.076,70.0399,9.48468,9.485000000000014
Michigan,128.367,88.9572,71.4061,39.4097,39.40979999999999
Michigan St.,121.374,92.2673,65.6188,29.1066,29.10669999999999
Middle Tennessee,109.219,110.371,65.4744,-1.1523,-1.152000000000001
Milwaukee,106.909,115.056,67.3317,-8.14701,-8.146999999999991
Minnesota,115.769,103.08,62.4115,12.6891,12.689000000000007
Mississippi,115.16,104.572,65.8739,10.5877,10.587999999999994
Mississippi St.,113.022,105.192,69.1969,7.83009,7.8300000000000125
Mississippi Valley St.,89.4957,120.946,67.0809,-31.4499,-31.4503
Missouri,120.541,104.168,66.2221,16.3725,16.37299999999999
Missouri St.,107.695,111.602,65.7043,-3.9073,-3.9070000000000107
Monmouth,105.672,107.603,67.0797,-1.93044,-1.9309999999999974
Montana,107.35,108.413,69.0088,-1.06305,-1.0630000000000024
Montana St.,110.653,107.747,65.9087,2.90616,2.906000000000006
Morehead St.,107.704,117.445,65.3044,-9.74035,-9.741
Morgan St.,100.207,121.525,70.6462,-21.3182,-21.318000000000012
Mount St. Mary's,99.6807,110.823,67.6429,-11.1425,-11.142299999999992
Murray St.,116.68,111.696,71.2213,4.98447,4.984000000000009
NC State,123.034,102.149,69.0032,20.8851,20.885000000000005
Navy,107.28,104.37,65.0816,2.91012,2.9099999999999966
Nebraska,120.407,92.0794,66.7447,28.3275,28.32759999999999
Nebraska Omaha,107.026,114.992,67.1088,-7.96651,-7.966000000000008
Nevada,116.533,104.577,65.3192,11.956,11.956000000000003
New Hampshire,94.6068,115.122,67.4939,-20.5154,-20.515199999999993
New Haven,96.2326,112.299,63.2198,-16.0666,-16.0664
New Mexico,117.118,100.357,69.6661,16.7608,16.760999999999996
New Mexico St.,110.533,111.797,66.8626,-1.26382,-1.2639999999999958
New Orleans,110.683,111.69,69.5822,-1.00715,-1.0069999999999908
Niagara,99.0347,117.644,61.8611,-18.609,-18.609300000000005
Nicholls,106.443,112.796,68.3848,-6.35337,-6.353000000000009
NJIT,98.3503,113.713,67.655,-15.3622,-15.36269999999999
Norfolk St.,101.337,115.024,67.6421,-13.6872,-13.686999999999998
North Alabama,100.026,119.031,64.8586,-19.0045,-19.00500000000001
North Carolina,122.277,101.083,67.6278,21.1936,21.194000000000003
North Carolina A&T,106.331,115.619,68.3925,-9.28757,-9.287999999999997
North Carolina Central,100.284,120.823,65.7823,-20.5392,-20.538999999999987
North Dakota,107.409,118.67,67.3248,-11.261,-11.260999999999996
North Dakota St.,112.656,108.118,66.1918,4.53789,4.538000000000011
North Florida,106.764,124.255,70.1268,-17.4913,-17.491
North Texas,104.523,102.735,64.8667,1.788,1.7879999999999967
Northeastern,106.271,117.288,69.3809,-11.0166,-11.016999999999996
Northern Arizona,105.616,119.817,63.6675,-14.2019,-14.200999999999993
Northern Colorado,111.734,110.487,68.4042,1.24687,1.2469999999999999
Northern Illinois,97.3406,113.801,67.1732,-16.46,-16.460400000000007
Northern Iowa,108.001,98.5013,62.0806,9.49938,9.499700000000004
Northern Kentucky,108.176,109.316,69.696,-1.13973,-1.1400000000000006
Northwestern,116.432,104.344,65.7409,12.0877,12.088000000000008
Northwestern St.,103.512,112.974,64.9101,-9.46237,-9.462000000000003
Notre Dame,115.778,106.044,65.4668,9.73353,9.734000000000009
Oakland,115.438,115.029,69.7581,0.409556,0.409000000000006
Ohio,107.194,112.445,68.3464,-5.25078,-5.250999999999991
Ohio St.,122.252,102.992,66.2325,19.2597,19.25999999999999
Oklahoma,123.343,107.827,66.3428,15.5159,15.516000000000005
Oklahoma St.,117.819,106.764,71.9158,11.0545,11.055000000000007
Old Dominion,105.924,112.412,69.0717,-6.48815,-6.4879999999999995
Oral Roberts,101.705,115.472,67.5334,-13.767,-13.766999999999996
Oregon,111.808,104.501,65.6979,7.30702,7.307000000000002
Oregon St.,109.061,110.381,64.9915,-1.32044,-1.3199999999999932
Pacific,110.556,105.278,64.4494,5.27768,5.277999999999992
Penn,107.329,107.743,69.1309,-0.414442,-0.4140000000000015
Penn St.,115.704,112.153,67.3804,3.55092,3.5509999999999877
Pepperdine,105.445,113.348,68.4729,-7.90331,-7.903000000000006
Pittsburgh,112.95,105.794,63.7553,7.1562,7.156000000000006
Portland,106.501,109.669,68.2523,-3.16816,-3.167999999999992
Portland St.,103.331,102.611,67.4743,0.719947,0.7199999999999989
Prairie View A&M,100.976,114.91,72.1848,-13.934,-13.933999999999997
Presbyterian,103.022,112.632,63.9032,-9.60977,-9.61
Princeton,106.131,113.063,63.2081,-6.93201,-6.932000000000002
Providence,122.948,110.22,71.0396,12.7275,12.727999999999994
Purdue,129.735,98.5365,65.1459,31.1988,31.19850000000001
Purdue Fort Wayne,106.144,113.698,67.8539,-7.55408,-7.553999999999988
Queens,116.156,118.483,69.4008,-2.32752,-2.326999999999998
Quinnipiac,103.989,108.017,69.6215,-4.02843,-4.027999999999992
Radford,106.341,113.581,70.4427,-7.23932,-7.240000000000009
Rhode Island,107.298,104.44,65.8476,2.85803,2.858000000000004
Rice,108.46,114.565,65.3482,-6.10491,-6.105000000000004
Richmond,111.572,109.703,67.9671,1.86943,1.8689999999999998
Rider,95.5749,120.047,65.6059,-24.4724,-24.472099999999998
Robert Morris,111.42,109.812,64.5998,1.60728,1.608000000000004
Rutgers,110.62,109.513,65.7651,1.10732,1.1069999999999993
Sacramento St.,107.286,115.869,71.7982,-8.5828,-8.582999999999998
Sacred Heart,107.071,118.482,68.5802,-11.4115,-11.411000000000001
Saint Francis,99.5246,121.962,69.8755,-22.437,-22.437399999999997
St. Joseph's,105.586,102.361,67.9566,3.22491,3.2249999999999943
Saint Louis,120.827,99.1428,71.3495,21.684,21.684200000000004
St. Mary's,120.508,96.9333,65.2199,23.5747,23.574699999999993
St. Peter's,103.539,110.621,65.5144,-7.08231,-7.081999999999994
Sam Houston St.,115.045,108.255,70.0317,6.79009,6.790000000000006
Samford,109.571,113.194,66.9942,-3.62384,-3.6230000000000047
San Diego,108.419,114.217,68.4577,-5.79846,-5.798000000000002
San Diego St.,114.403,96.6141,68.7942,17.7891,17.788900000000012
San Francisco,113.489,109.517,65.6395,3.97147,3.9720000000000084
San Jose St.,110.889,116.651,64.8371,-5.76158,-5.7620000000000005
Santa Clara,122.767,103.288,69.9469,19.4786,19.479
Seattle,103.294,98.2825,67.793,5.0113,5.011499999999998
Seton Hall,109.158,94.1372,65.3044,15.0205,15.020799999999994
Siena,107.42,110.551,64.5326,-3.13066,-3.1310000000000002
SIUE,99.4347,106.404,64.309,-6.9692,-6.96929999999999
SMU,124.915,106.199,68.8149,18.716,18.716000000000008
South Alabama,106.636,109.107,64.6118,-2.47184,-2.4710000000000036
South Carolina,113.039,105.014,66.46,8.02448,8.025000000000006
South Carolina St.,95.0134,120.382,68.2298,-25.3686,-25.3686
South Dakota,104.685,114.404,69.9393,-9.7196,-9.718999999999994
South Dakota St.,108.016,112.113,66.8001,-4.09656,-4.096999999999994
South Florida,117.266,102.654,71.3529,14.6119,14.612000000000009
Southeast Missouri,103.208,108.365,69.1318,-5.15698,-5.1569999999999965
Southeastern Louisiana,99.2984,110.571,65.0963,-11.2729,-11.272599999999997
Southern,104.063,114.136,70.204,-10.0725,-10.072999999999993
Southern Illinois,103.827,98.8732,69.2057,4.95426,4.953800000000001
Southern Indiana,95.645,114.171,67.4124,-18.5263,-18.52600000000001
Southern Miss,104.039,109.193,68.651,-5.1537,-5.153999999999996
Southern Utah,105.906,113.289,70.0299,-7.38281,-7.382999999999996
St. Bonaventure,114.663,113.45,66.8886,1.21334,1.2129999999999939
St. John's,119.609,94.7812,69.7755,24.8278,24.827799999999996
St. Thomas,114.449,108.239,68.4456,6.2106,6.209999999999994
Stanford,116.072,103.418,66.9255,12.6533,12.653999999999996
Stephen F. Austin,113.182,103.885,65.9866,9.29691,9.296999999999997
Stetson,104.537,118.31,66.8477,-13.7733,-13.772999999999996
Stonehill,91.6888,109.974,66.0893,-18.2848,-18.285200000000003
Stony Brook,105.214,109.783,66.0319,-4.56862,-4.569000000000003
Syracuse,115.98,105.263,67.6457,10.7167,10.716999999999999
Tarleton St.,104.45,108.231,69.2256,-3.78078,-3.7809999999999917
TCU,113.582,97.9501,67.7535,15.6318,15.631899999999987
Temple,111.979,112.327,64.7288,-0.347987,-0.347999999999999
Tennessee,120.944,94.9567,65.028,25.9874,25.987300000000005
Tennessee Martin,100.734,104.807,64.3246,-4.0732,-4.0730000000000075
Tennessee St.,108.515,112.001,70.3036,-3.48646,-3.486000000000004
Tennessee Tech,102.655,115.822,66.7223,-13.1669,-13.167000000000002
Texas,127.319,106.252,66.1729,21.0679,21.067000000000007
Texas A&M,120.429,101.148,70.5039,19.2805,19.281000000000006
Texas A&M Corpus Christi,103.65,105.21,66.5068,-1.56039,-1.559999999999988
Texas Southern,103.255,115.096,68.8152,-11.8412,-11.841000000000008
Texas St.,103.922,110.408,65.9834,-6.48691,-6.486000000000004
Texas Tech,126.462,98.8066,66.5968,27.6549,27.6554
The Citadel,98.7914,119.86,64.2448,-21.0683,-21.068600000000004
Toledo,114.193,112.645,68.0742,1.54804,1.5480000000000018
Towson,104.273,105.369,63.5182,-1.09649,-1.0960000000000036
Troy,111.05,110.147,64.8407,0.903162,0.9029999999999916
Tulane,108.048,110.198,66.7474,-2.14995,-2.1499999999999915
Tulsa,122.072,108.241,67.9261,13.8305,13.831000000000003
UAB,109.789,105.253,68.9109,4.53639,4.536000000000001
UC Davis,109.836,108.875,68.3769,0.960542,0.9609999999999985
UC Irvine,103.249,97.8227,68.3508,5.426,5.426299999999998
UC Riverside,103.31,111.019,68.4278,-7.70935,-7.709000000000003
UC San Diego,109.213,103.975,67.4778,5.23863,5.2379999999999995
UC Santa Barbara,114.6,111.108,64.1255,3.49166,3.4919999999999902
UCF,122.54,106.208,68.9853,16.3316,16.332000000000008
UCLA,122.248,103.701,64.6782,18.547,18.54700000000001
UMass Lowell,102.649,117.458,69.068,-14.8091,-14.808999999999997
UMBC,106.289,110.834,65.9068,-4.54513,-4.545000000000002
UNC Asheville,104.838,111.904,64.5656,-7.06594,-7.0660000000000025
UNC Greensboro,107.789,120.433,67.703,-12.6448,-12.644000000000005
UNC Wilmington,112.971,106.079,64.7407,6.89217,6.89200000000001
UNLV,114.897,110.636,69.9351,4.26094,4.26100000000001
USC,114.319,102.007,70.3858,12.312,12.311999999999998
USC Upstate,99.4707,111.139,67.7256,-11.6687,-11.668300000000002
UT Arlington,103.019,102.829,65.141,0.190148,0.19000000000001194
UT Rio Grande Valley,110.995,107.343,66.3523,3.65272,3.652000000000001
Utah,113.92,108.95,66.2824,4.96962,4.969999999999999
Utah St.,123.394,101.573,67.6562,21.8205,21.821000000000012
Utah Tech,110.461,112.167,65.9056,-1.70677,-1.706000000000003
Utah Valley,112.447,102.823,68.9618,9.62461,9.62400000000001
UTEP,101.85,111.564,64.9883,-9.714,-9.713999999999999
UTSA,100.102,118.428,68.3138,-18.3266,-18.325999999999993
Valparaiso,108.985,107.805,65.0305,1.18046,1.1799999999999926
Vanderbilt,125.264,98.6744,69.158,26.5891,26.58959999999999
VCU,120.52,103.546,69.348,16.974,16.97399999999999
Vermont,107.149,113.627,65.0133,-6.47838,-6.477999999999994
Villanova,120.589,100.423,64.7035,20.1664,20.165999999999997
Virginia,122.307,96.0507,65.6162,26.2559,26.256299999999996
Virginia Tech,117.085,103.231,66.8462,13.8542,13.854
VMI,99.2596,125.221,66.6242,-25.961,-25.961399999999998
Wagner,102.983,116.683,65.5463,-13.7001,-13.700000000000003
Wake Forest,116.953,106.258,67.934,10.6948,10.695000000000007
Washington,116.493,101.8,66.748,14.6928,14.692999999999998
Washington St.,114.726,111.799,67.677,2.92751,2.9269999999999925
Weber St.,112.35,113.835,68.461,-1.48528,-1.4849999999999994
West Georgia,102.479,115.361,68.8862,-12.8818,-12.882000000000005
West Virginia,111.588,98.2154,62.1649,13.3725,13.372599999999991
Western Carolina,109.899,115.902,67.8298,-6.00299,-6.003
Western Illinois,92.8537,121.361,66.4811,-28.5074,-28.5073
Western Kentucky,108.744,106.332,69.7475,2.41228,2.412000000000006
Western Michigan,108.219,117.137,67.6016,-8.91828,-8.918000000000006
Wichita St.,112.634,103.722,66.1013,8.91155,8.912000000000006
William & Mary,111.703,108.696,72.8254,3.00628,3.007000000000005
Winthrop,112.768,110.752,69.4162,2.01539,2.0160000000000053
Wisconsin,123.701,102.719,69.2932,20.982,20.982
Wofford,109.886,116.849,67.8351,-6.96352,-6.963000000000008
Wright St.,112.221,111.151,66.7795,1.06979,1.0700000000000074
Wyoming,114.077,106.99,66.2431,7.08699,7.087000000000003
Xavier,115.86,107.695,70.1376,8.16446,8.165000000000006
Yale,120.817,110.461,64.4698,10.3556,10.355999999999995
Youngstown St.,106.282,109.889,67.1942,-3.6072,-3.6069999999999993
