team,kenpom_name,seed,region,momentum_flag,adj_off_eff,adj_def_eff,adj_tempo,adj_em,momentum_score,recent_margin_trend,recent_efg_pct,recent_def_efg,recent_win_pct_30d,conf_tourney_avg_margin,conf_tourney_wins,won_conf_tourney,consensus_rank,rank_disagreement,has_momentum_data
Duke,Duke,1,East,FLAT,127.694,88.0769,65.3911,39.6167,1.0,3.3000000000000003,0.5824033043646458,0.4274710961553067,1.0,0.0,0.0,0.0,2.0,0.0,True
Siena,Siena,16,East,ICY,107.42,110.551,64.5326,-3.13066,-11.0,-4.714285714285714,0.4831991763333783,0.4734909595565333,0.5,15.0,1.0,0.0,189.0,6.97614984548545,True
Ohio State,Ohio St.,8,East,ICY,122.252,102.992,66.2325,19.2597,4.0,-8.200000000000001,0.5455006173371235,0.5185436790240251,0.4,8.0,1.0,0.0,37.333333333333336,1.247219128924647,True
TCU,TCU,9,East,FLAT,113.582,97.9501,67.7535,15.6318,4.333333333333333,-2.5,0.4701920566558589,0.5353262276570547,0.8,0.0,0.0,0.0,47.66666666666666,1.699673171197595,True
St. John's,St. John's,5,East,ICY,119.609,94.7812,69.7755,24.8278,-2.333333333333333,-5.800000000000001,0.4518148629340562,0.4386127876227327,0.8,0.0,0.0,0.0,19.0,4.96655480858378,True
Northern Iowa,Northern Iowa,12,East,WARM,108.001,98.5013,62.0806,9.49938,15.333333333333334,-7.5,0.5927997108887401,0.4991009099761826,0.6,22.0,1.0,0.0,85.33333333333333,0.4714045207910317,True
Kansas,Kansas,4,East,ICY,120.251,93.9313,67.06,26.3197,-7.333333333333333,-9.9,0.4716540810523453,0.470160679374389,0.4,0.0,0.0,0.0,19.0,0.816496580927726,True
Cal Baptist,Cal Baptist,13,East,ICY,107.854,103.401,65.2084,4.45289,-6.666666666666667,-11.3,0.4313691702956983,0.4447406231094978,0.5,0.0,0.0,0.0,129.0,12.83225103661344,True
Louisville,Louisville,6,East,ICY,124.663,98.7515,70.4518,25.9115,4.333333333333333,-5.2,0.5724819173363949,0.539871494625593,0.4,0.0,0.0,0.0,12.333333333333334,2.494438257849294,True
South Florida,South Florida,11,East,WARM,117.266,102.654,71.3529,14.6119,10.333333333333334,7.6,0.4698220448194891,0.459310332163624,1.0,28.0,1.0,0.0,53.333333333333336,1.247219128924647,True
Michigan State,Michigan St.,3,East,ICY,121.374,92.2673,65.6188,29.1066,-1.0,-8.1,0.5409625668449197,0.5205677033775505,0.8,13.0,1.0,0.0,10.666666666666666,0.9428090415820634,True
North Dakota State,North Dakota St.,14,East,FLAT,112.656,108.118,66.1918,4.53789,0.0,0.0,0.0,0.0,0.0,0.0,0.0,0.0,0.0,0.0,False
UCLA,UCLA,7,East,ICY,122.248,103.701,64.6782,18.547,-2.0,-5.4,0.5206586976963768,0.5922424242424242,0.4,0.0,0.0,0.0,41.0,0.816496580927726,True
UCF,UCF,10,East,ICY,122.54,106.208,68.9853,16.3316,0.6666666666666666,-3.3000000000000003,0.5756030701754387,0.5011260656041513,0.6,0.0,0.0,0.0,48.0,1.4142135623730951,True
UConn,Connecticut,2,East,FLAT,123.381,94.1144,64.8296,29.2664,-2.6666666666666665,-2.8000000000000003,0.557129094716413,0.4765150096146259,0.8,0.0,0.0,0.0,14.0,4.96655480858378,True
Furman,Furman,15,East,ICY,106.197,109.339,65.7864,-3.14206,1.0,-9.2,0.5436700643456319,0.5042601715015509,0.6,0.0,0.0,0.0,189.66666666666663,2.867441755680876,True
Arizona,Arizona,1,West,FLAT,126.818,89.6871,70.065,37.1308,-1.0,-0.4,0.4958728310623802,0.4676577503929929,0.8,0.0,0.0,0.0,3.0,0.0,True
Long Island University,LIU,16,West,FLAT,105.528,109.183,68.0392,-3.65506,0.0,0.0,0.0,0.0,0.0,0.0,0.0,0.0,0.0,0.0,False
Villanova,Villanova,8,West,ICY,120.589,100.423,64.7035,20.1664,-0.3333333333333333,-9.9,0.4983866365900263,0.5476303552629425,0.6,0.0,0.0,0.0,31.666666666666668,3.858612300930076,True
Utah State,Utah St.,9,West,ICY,123.394,101.573,67.6562,21.8205,1.6666666666666667,-10.4,0.5646193006738943,0.5177792435020411,0.6,0.0,0.0,0.0,25.666666666666668,3.0912061651652345,True
Wisconsin,Wisconsin,5,West,WARM,123.701,102.719,69.2932,20.982,11.333333333333334,-10.0,0.5540243021106882,0.5384813900870993,0.6,0.0,0.0,0.0,29.33333333333333,2.0548046676563256,True
High Point,High Point,12,West,WARM,118.448,109.893,69.6711,8.55536,6.666666666666667,-8.1,0.5586219336219336,0.488128726863406,1.0,0.0,0.0,0.0,83.33333333333333,9.46337971105226,True
Arkansas,Arkansas,4,West,ICY,127.968,102.488,70.8133,25.4799,5.0,-10.4,0.5527203838181792,0.5848198667771137,0.6,0.0,0.0,0.0,19.666666666666668,2.0548046676563256,True
Hawaii,Hawaii,13,West,ICY,106.797,101.243,69.4727,5.55428,-16.666666666666668,-5.6000000000000005,0.4990668920987448,0.536181751079918,0.6,0.0,0.0,0.0,115.33333333333331,12.036980056845191,True
BYU,BYU,6,West,ICY,125.918,102.565,69.8955,23.353,1.0,-4.699999999999999,0.5243177773702346,0.5390625,0.4,0.0,0.0,0.0,18.666666666666668,2.0548046676563256,True
Gonzaga,Gonzaga,3,West,FLAT,122.296,94.0225,69.0142,28.2736,1.3333333333333333,-1.8000000000000007,0.544056419610855,0.4620830360116074,0.8,0.0,0.0,0.0,9.333333333333334,3.681787005729087,True
Kennesaw State,Kennesaw St.,14,West,FLAT,110.365,110.882,71.1933,-0.516868,0.0,0.0,0.0,0.0,0.0,0.0,0.0,0.0,0.0,0.0,False
Miami (Fla.),Miami FL,7,West,FLAT,120.635,100.067,67.952,20.5681,3.333333333333333,1.3000000000000005,0.537325981354974,0.5639159145938807,0.8,0.0,0.0,0.0,35.0,3.265986323710904,True
Missouri,Missouri,10,West,ICY,120.541,104.168,66.2221,16.3725,-0.3333333333333333,-3.9,0.5413123458462442,0.5288618478473103,0.6,0.0,0.0,0.0,56.0,3.741657386773941,True
Purdue,Purdue,2,West,ICY,129.735,98.5365,65.1459,31.1988,3.6666666666666665,-8.9,0.5815032643456185,0.5720680777684068,0.4,-8.0,0.0,0.0,6.333333333333333,0.4714045207910317,True
Queens,Queens,15,West,FLAT,116.156,118.483,69.4008,-2.32752,0.0,0.0,0.0,0.0,0.0,0.0,0.0,0.0,0.0,0.0,False
Michigan,Michigan,1,Midwest,ICY,128.367,88.9572,71.4061,39.4097,0.0,-6.7,0.5997612651787804,0.4874328203863436,0.8,0.0,0.0,0.0,1.0,0.0,True
Georgia,Georgia,8,Midwest,ICY,124.849,104.341,71.0348,20.5084,0.0,-5.900000000000001,0.6081723519773741,0.5758339901673366,0.6,0.0,0.0,0.0,33.666666666666664,3.6817870057290873,True
Saint Louis,Saint Louis,9,Midwest,FLAT,120.827,99.1428,71.3495,21.684,0.0,0.0,0.0,0.0,0.0,0.0,0.0,0.0,0.0,0.0,False
Texas Tech,Texas Tech,5,Midwest,WARM,126.462,98.8066,66.5968,27.6549,5.333333333333333,-3.5,0.601158714822744,0.467194712464932,0.8,0.0,0.0,0.0,16.0,1.632993161855452,True
Akron,Akron,12,Midwest,FLAT,121.008,107.936,70.6866,13.0719,-1.0,2.7,0.5961771087309881,0.5376837190197559,1.0,0.0,0.0,0.0,60.66666666666666,5.734883511361751,True
Alabama,Alabama,4,Midwest,FLAT,129.533,102.943,73.0985,26.5906,0.0,-0.1,0.5848019149379032,0.4823164333664695,1.0,0.0,0.0,0.0,20.0,0.816496580927726,True
Hofstra,Hofstra,13,Midwest,WARM,114.198,105.938,65.2018,8.26048,9.0,-12.5,0.5503820498686716,0.4076923076923077,0.75,0.0,0.0,0.0,94.66666666666669,0.4714045207910317,True
Tennessee,Tennessee,6,Midwest,ICY,120.944,94.9567,65.028,25.9874,3.6666666666666665,-5.1,0.4883822435546572,0.5085657820440429,0.6,0.0,0.0,0.0,16.0,1.4142135623730951,True
Virginia,Virginia,3,Midwest,ICY,122.307,96.0507,65.6162,26.2559,-0.6666666666666666,-5.700000000000001,0.5433560572993136,0.4838996060843143,0.8,0.0,0.0,0.0,14.666666666666666,2.867441755680876,True
Wright State,Wright St.,14,Midwest,ICY,112.221,111.151,66.7795,1.06979,-16.666666666666668,-6.1000000000000005,0.5815551831680865,0.5533774615748938,0.8,0.0,0.0,0.0,148.0,6.164414002968976,True
Kentucky,Kentucky,7,Midwest,ICY,121.069,99.0301,67.7861,22.0386,-0.3333333333333333,-4.2,0.5327817247558025,0.5038865155517419,0.4,0.0,0.0,0.0,29.33333333333333,1.247219128924647,True
Santa Clara,Santa Clara,10,Midwest,ICY,122.767,103.288,69.9469,19.4786,1.3333333333333333,-14.9,0.5321732624825213,0.5537988801405921,0.5,0.0,0.0,0.0,39.66666666666666,3.6817870057290873,True
Iowa State,Iowa St.,2,Midwest,ICY,123.798,93.5448,66.5518,30.2534,-3.0,-6.7,0.518830068932986,0.5513506857179507,0.6,0.0,0.0,0.0,8.0,0.816496580927726,True
Tennessee State,Tennessee St.,15,Midwest,WARM,108.515,112.001,70.3036,-3.48646,14.666666666666666,-3.6,0.495167475800192,0.504589686288931,0.8,0.0,0.0,0.0,222.33333333333331,11.8133634311129,True
Florida,Florida,1,South,FLAT,125.721,90.7363,70.7016,34.9852,1.6666666666666667,4.9,0.59799010108743,0.4481654418692293,1.0,0.0,0.0,0.0,5.333333333333333,1.247219128924647,True
Clemson,Clemson,8,South,COLD,116.396,96.8943,64.0784,19.502,-9.0,-2.5,0.493734335839599,0.5763807485554608,0.25,0.0,0.0,0.0,37.66666666666666,2.0548046676563256,True
Iowa,Iowa,9,South,ICY,121.984,99.7087,62.7788,22.2755,-7.666666666666667,-4.4,0.5045529451494236,0.5883680784624181,0.4,0.0,0.0,0.0,29.0,2.943920288775949,True
Vanderbilt,Vanderbilt,5,South,ICY,125.264,98.6744,69.158,26.5891,-0.3333333333333333,-6.6000000000000005,0.5304005404213669,0.54043879267003,0.4,0.0,0.0,0.0,14.666666666666666,1.247219128924647,True
McNeese,McNeese,12,South,FLAT,114.967,102.834,66.1854,12.1333,0.0,0.0,0.0,0.0,0.0,0.0,0.0,0.0,0.0,0.0,False
Nebraska,Nebraska,4,South,ICY,120.407,92.0794,66.7447,28.3275,0.6666666666666666,-5.6000000000000005,0.535969401870193,0.4501272298393042,0.8,0.0,0.0,0.0,12.0,0.816496580927726,True
Troy,Troy,13,South,ICY,111.05,110.147,64.8407,0.903162,-32.333333333333336,-4.7,0.5015018364220203,0.4620332680034172,0.6,0.0,0.0,0.0,150.66666666666666,8.178562764256865,True
North Carolina,North Carolina,6,South,ICY,122.277,101.083,67.6278,21.1936,-2.6666666666666665,-8.200000000000001,0.5431664631664631,0.5210643274661287,0.8,0.0,0.0,0.0,27.33333333333333,2.0548046676563256,True
VCU,VCU,11,South,ICY,120.52,103.546,69.348,16.974,1.0,-6.7,0.5246855225520388,0.474962742175857,0.75,0.0,0.0,0.0,46.333333333333336,2.6246692913372702,True
Illinois,Illinois,3,South,ICY,132.247,99.141,65.2451,33.1055,-21.666666666666668,-4.4,0.4631766854116915,0.5767854900905749,0.2,0.0,0.0,0.0,312.3333333333333,6.649979114420002,True
Penn,Penn,14,South,WARM,107.329,107.743,69.1309,-0.414442,7.0,-2.9000000000000004,0.4870201400030474,0.5148842896979037,0.8,0.0,0.0,0.0,167.33333333333334,4.496912521077347,True
Saint Mary's,St. Mary's,7,South,FLAT,120.508,96.9333,65.2199,23.5747,0.0,0.0,0.0,0.0,0.0,0.0,0.0,0.0,0.0,0.0,False
Texas A&M,Texas A&M,10,South,ICY,120.429,101.148,70.5039,19.2805,-2.333333333333333,-3.7,0.5012516506319562,0.5113765519551932,0.4,0.0,0.0,0.0,37.0,4.08248290463863,True
Houston,Houston,2,South,ICY,125.141,92.4653,63.1996,32.6758,-1.3333333333333333,-10.1,0.4922520090673524,0.4945396579684505,0.4,0.0,0.0,0.0,7.333333333333333,0.9428090415820634,True
Idaho,Idaho,15,South,ICY,108.61,109.605,67.6007,-0.994703,5.0,-9.4,0.5452328401649285,0.4825074517447398,0.6,0.0,0.0,0.0,180.0,9.626352718795768,True
UMBC,UMBC,16,Midwest,HOT,106.289,110.834,65.9068,-4.54513,28.0,0.3,0.5434859969396106,0.4600023640392384,1.0,0.0,0.0,0.0,229.0,9.092121131323903,True
Howard,Howard,16,Midwest,WARM,102.73,105.863,68.9444,-3.13367,33.0,-0.2,0.5823885897327747,0.4153348901749754,1.0,0.0,0.0,0.0,234.0,29.223278392404914,True
Texas,Texas,11,West,ICY,127.319,106.252,66.1729,21.0679,-0.3333333333333333,-7.4,0.5496633280128733,0.5615534804753819,0.6,0.0,0.0,0.0,36.333333333333336,3.091206165165235,True
NC State,NC State,11,West,ICY,123.034,102.149,69.0032,20.8851,-0.3333333333333333,-11.8,0.5062555808025382,0.5308457529709721,0.25,0.0,0.0,0.0,24.666666666666668,1.247219128924647,True
Prairie View A&M,Prairie View A&M,16,South,COLD,100.976,114.91,72.1848,-13.934,-5.666666666666667,-1.9428571428571428,0.4809294871794871,0.4713882699088095,0.6666666666666666,0.0,0.0,0.0,325.0,2.943920288775949,True
Lehigh,Lehigh,16,South,WARM,103.049,114.641,66.7485,-11.5922,7.0,-5.7,0.5641981424148607,0.5350943273484258,0.8,0.0,0.0,0.0,298.3333333333333,3.6817870057290873,True
Miami (Ohio),Miami OH,11,Midwest,FLAT,116.561,107.076,70.0399,9.48468,2.0,-2.7,0.5563103063852689,0.4956458513085994,1.0,0.0,0.0,0.0,68.0,14.966629547095764,True
SMU,SMU,11,Midwest,ICY,124.915,106.199,68.8149,18.716,3.333333333333333,-8.8,0.564846409390986,0.5231551714181404,0.4,0.0,0.0,0.0,30.0,2.943920288775949,True
