season,team_a,team_b,team_a_seed,team_b_seed,score_a,score_b,winner
2003,UNC Asheville,Texas Southern,16,16,92,84,1
2003,Arizona,Vermont,1,16,80,51,1
2003,Arizona St.,Memphis,10,7,84,71,1
2003,Central Michigan,Creighton,11,6,79,73,1
2003,California,NC State,8,9,76,74,1
2003,Connecticut,BYU,5,12,58,53,1
2003,Duke,Colorado St.,3,14,67,57,1
2003,Gonzaga,Cincinnati,9,8,74,69,1
2003,Illinois,Western Kentucky,4,13,65,60,1
2003,Kansas,Utah St.,2,15,64,61,1
2003,Marquette,Holy Cross,3,14,72,68,1
2003,Missouri,Southern Illinois,6,11,72,71,1
2003,Notre Dame,Wisconsin Milwaukee,5,12,70,69,1
2003,Oklahoma,South Carolina St.,1,16,71,54,1
2003,Stanford,San Diego,4,13,77,69,1
2003,Tulsa,Dayton,13,4,84,71,1
2003,Wisconsin,Weber St.,5,12,81,74,1
2003,Auburn,St. Joseph's,10,7,65,63,1
2003,Butler,Mississippi St.,12,5,47,46,1
2003,Florida,Sam Houston St.,2,15,85,55,1
2003,Indiana,Alabama,7,10,67,62,1
2003,Kentucky,IUPUI,1,16,95,64,1
2003,Louisville,Austin Peay,4,13,86,64,1
2003,Maryland,UNC Wilmington,6,11,75,73,1
2003,Michigan St.,Colorado,7,10,79,64,1
2003,Oklahoma St.,Penn,6,11,77,63,1
2003,Pittsburgh,Wagner,2,15,87,61,1
2003,Purdue,LSU,9,8,80,56,1
2003,Syracuse,Manhattan,3,14,76,65,1
2003,Texas,UNC Asheville,1,16,82,61,1
2003,Utah,Oregon,9,8,60,58,1
2003,Wake Forest,East Tennessee St.,2,15,76,73,1
2003,Xavier,Troy,3,14,71,59,1
2003,Arizona,Gonzaga,1,9,96,95,1
2003,Connecticut,Stanford,5,4,85,74,1
2003,Duke,Central Michigan,3,11,86,60,1
2003,Kansas,Arizona St.,2,10,108,76,1
2003,Marquette,Missouri,3,6,101,92,1
2003,Notre Dame,Illinois,5,4,68,60,1
2003,Oklahoma,California,1,8,74,65,1
2003,Wisconsin,Tulsa,5,13,61,60,1
2003,Auburn,Wake Forest,10,2,68,62,1
2003,Butler,Louisville,12,4,79,71,1
2003,Kentucky,Utah,1,9,74,54,1
2003,Maryland,Xavier,6,3,77,64,1
2003,Michigan St.,Florida,7,2,68,46,1
2003,Pittsburgh,Indiana,2,7,74,52,1
2003,Syracuse,Oklahoma St.,3,6,68,56,1
2003,Texas,Purdue,1,9,77,67,1
2003,Arizona,Notre Dame,1,5,88,71,1
2003,Kansas,Duke,2,3,69,65,1
2003,Kentucky,Wisconsin,1,5,63,57,1
2003,Marquette,Pittsburgh,3,2,77,74,1
2003,Michigan St.,Maryland,7,6,60,58,1
2003,Oklahoma,Butler,1,12,65,54,1
2003,Syracuse,Auburn,3,10,79,78,1
2003,Texas,Connecticut,1,5,82,78,1
2003,Kansas,Arizona,2,1,78,75,1
2003,Marquette,Kentucky,3,1,83,69,1
2003,Syracuse,Oklahoma,3,1,63,47,1
2003,Texas,Michigan St.,1,7,85,76,1
2003,Kansas,Marquette,2,3,94,61,1
2003,Syracuse,Texas,3,1,95,84,1
2003,Syracuse,Kansas,3,2,81,78,1
2004,Florida A&M,Lehigh,16,16,72,57,1
2004,Alabama,Southern Illinois,8,9,65,64,1
2004,Connecticut,Vermont,2,15,70,53,1
2004,DePaul,Dayton,7,10,76,69,1
2004,Duke,Alabama St.,1,16,96,61,1
2004,Gonzaga,Valparaiso,2,15,76,49,1
2004,Manhattan,Florida,12,5,75,60,1
2004,Maryland,UTEP,4,13,86,83,1
2004,Nevada,Michigan St.,10,7,72,66,1
2004,North Carolina,Air Force,6,11,63,52,1
2004,Seton Hall,Arizona,8,9,80,76,1
2004,St. Joseph's,Liberty,1,16,82,63,1
2004,Stanford,UTSA,1,16,71,45,1
2004,Syracuse,BYU,5,12,80,75,1
2004,Texas,Princeton,3,14,66,49,1
2004,Texas Tech,Charlotte,8,9,76,73,1
2004,Wake Forest,VCU,4,13,79,78,1
2004,Boston College,Utah,6,11,58,51,1
2004,Cincinnati,East Tennessee St.,4,13,80,77,1
2004,Georgia Tech,Northern Iowa,3,14,65,60,1
2004,Illinois,Murray St.,5,12,72,53,1
2004,Kansas,Illinois Chicago,4,13,78,53,1
2004,Kentucky,Florida A&M,1,16,96,76,1
2004,Memphis,South Carolina,7,10,59,43,1
2004,Mississippi St.,Monmouth,2,15,85,52,1
2004,NC State,Louisiana,3,14,61,52,1
2004,Oklahoma St.,Eastern Washington,2,15,75,56,1
2004,Pacific,Providence,12,5,66,58,1
2004,Pittsburgh,UCF,3,14,53,44,1
2004,UAB,Washington,9,8,102,100,1
2004,Vanderbilt,Western Michigan,6,11,71,58,1
2004,Wisconsin,Richmond,6,11,76,64,1
2004,Xavier,Louisville,7,10,80,70,1
2004,Alabama,Stanford,8,1,70,67,1
2004,Connecticut,DePaul,2,7,72,55,1
2004,Duke,Seton Hall,1,8,90,62,1
2004,Nevada,Gonzaga,10,2,91,72,1
2004,St. Joseph's,Texas Tech,1,8,70,65,1
2004,Syracuse,Maryland,5,4,72,70,1
2004,Texas,North Carolina,3,6,78,75,1
2004,Wake Forest,Manhattan,4,12,84,80,1
2004,Georgia Tech,Boston College,3,6,57,54,1
2004,Illinois,Cincinnati,5,4,92,68,1
2004,Kansas,Pacific,4,12,78,63,1
2004,Oklahoma St.,Memphis,2,7,70,53,1
2004,Pittsburgh,Wisconsin,3,6,59,55,1
2004,UAB,Kentucky,9,1,76,75,1
2004,Vanderbilt,NC State,6,3,75,73,1
2004,Xavier,Mississippi St.,7,2,89,74,1
2004,Alabama,Syracuse,8,5,80,71,1
2004,Connecticut,Vanderbilt,2,6,73,53,1
2004,Oklahoma St.,Pittsburgh,2,3,63,51,1
2004,St. Joseph's,Wake Forest,1,4,84,80,1
2004,Duke,Illinois,1,5,72,62,1
2004,Georgia Tech,Nevada,3,10,72,67,1
2004,Kansas,UAB,4,9,100,74,1
2004,Xavier,Texas,7,3,79,71,1
2004,Connecticut,Alabama,2,8,87,71,1
2004,Oklahoma St.,St. Joseph's,2,1,64,62,1
2004,Duke,Xavier,1,7,66,63,1
2004,Georgia Tech,Kansas,3,4,79,71,1
2004,Connecticut,Duke,2,1,79,78,1
2004,Georgia Tech,Oklahoma St.,3,2,67,65,1
2004,Connecticut,Georgia Tech,2,3,82,73,1
2005,Oakland,Alabama A&M,16,16,79,69,1
2005,Arizona,Utah St.,3,14,66,53,1
2005,Boston College,Penn,4,13,85,65,1
2005,Cincinnati,Iowa,7,10,76,64,1
2005,Gonzaga,Winthrop,3,14,74,64,1
2005,Illinois,Fairleigh Dickinson,1,16,67,55,1
2005,Kentucky,Eastern Kentucky,2,15,72,64,1
2005,Nevada,Texas,9,8,61,57,1
2005,Oklahoma,Niagara,3,14,84,67,1
2005,Pacific,Pittsburgh,8,9,79,71,1
2005,Texas Tech,UCLA,6,11,78,66,1
2005,UAB,LSU,11,6,82,68,1
2005,Utah,UTEP,6,11,60,54,1
2005,Wake Forest,Chattanooga,2,15,70,54,1
2005,Washington,Montana,1,16,88,77,1
2005,West Virginia,Creighton,7,10,63,61,1
2005,Wisconsin Milwaukee,Alabama,12,5,83,73,1
2005,Bucknell,Kansas,14,3,64,63,1
2005,Connecticut,UCF,2,15,77,71,1
2005,Duke,Delaware St.,1,16,57,46,1
2005,Florida,Ohio,4,13,67,62,1
2005,Georgia Tech,George Washington,5,12,80,68,1
2005,Iowa St.,Minnesota,9,8,64,53,1
2005,Louisville,Louisiana,4,13,68,62,1
2005,Michigan St.,Old Dominion,5,12,89,81,1
2005,Mississippi St.,Stanford,9,8,93,70,1
2005,NC State,Charlotte,10,7,75,63,1
2005,North Carolina,Oakland,1,16,96,68,1
2005,Oklahoma St.,Southeastern Louisiana,2,15,63,50,1
2005,Southern Illinois,St. Mary's,7,10,65,56,1
2005,Vermont,Syracuse,13,4,60,57,1
2005,Villanova,New Mexico,5,12,55,47,1
2005,Wisconsin,Northern Iowa,6,11,57,52,1
2005,Arizona,UAB,3,11,85,63,1
2005,Illinois,Nevada,1,9,71,59,1
2005,Kentucky,Cincinnati,2,7,69,60,1
2005,Texas Tech,Gonzaga,6,3,71,69,1
2005,Utah,Oklahoma,6,3,67,58,1
2005,Washington,Pacific,1,8,97,79,1
2005,West Virginia,Wake Forest,7,2,111,105,1
2005,Wisconsin Milwaukee,Boston College,12,4,83,75,1
2005,Duke,Mississippi St.,1,9,63,55,1
2005,Louisville,Georgia Tech,4,5,76,54,1
2005,Michigan St.,Vermont,5,13,72,61,1
2005,NC State,Connecticut,10,2,65,62,1
2005,North Carolina,Iowa St.,1,9,92,65,1
2005,Oklahoma St.,Southern Illinois,2,7,85,77,1
2005,Villanova,Florida,5,4,76,65,1
2005,Wisconsin,Bucknell,6,14,71,62,1
2005,Arizona,Oklahoma St.,3,2,79,78,1
2005,Illinois,Wisconsin Milwaukee,1,12,77,63,1
2005,Louisville,Washington,4,1,93,79,1
2005,West Virginia,Texas Tech,7,6,65,60,1
2005,Kentucky,Utah,2,6,62,52,1
2005,Michigan St.,Duke,5,1,78,68,1
2005,North Carolina,Villanova,1,5,67,66,1
2005,Wisconsin,NC State,6,10,65,56,1
2005,Illinois,Arizona,1,3,90,89,1
2005,Louisville,West Virginia,4,7,93,85,1
2005,Michigan St.,Kentucky,5,2,94,88,1
2005,North Carolina,Wisconsin,1,6,88,82,1
2005,Illinois,Louisville,1,4,72,57,1
2005,North Carolina,Michigan St.,1,5,87,71,1
2005,North Carolina,Illinois,1,1,75,70,1
2006,Monmouth,Hampton,16,16,71,49,1
2006,Alabama,Marquette,10,7,90,85,1
2006,Boston College,Pacific,4,13,88,76,1
2006,Duke,Southern,1,16,70,54,1
2006,Florida,South Alabama,3,14,76,50,1
2006,George Washington,UNC Wilmington,8,9,88,85,1
2006,Gonzaga,Xavier,3,14,79,75,1
2006,Illinois,Air Force,4,13,78,69,1
2006,Indiana,San Diego St.,6,11,87,83,1
2006,LSU,Iona,4,13,80,64,1
2006,Montana,Nevada,12,5,87,79,1
2006,Tennessee,Winthrop,2,15,63,61,1
2006,Texas A&M,Syracuse,12,5,66,58,1
2006,UCLA,Belmont,2,15,78,44,1
2006,Washington,Utah St.,5,12,75,61,1
2006,Wisconsin Milwaukee,Oklahoma,11,6,82,74,1
2006,Wichita St.,Seton Hall,7,10,86,66,1
2006,Arizona,Wisconsin,8,9,94,75,1
2006,Bradley,Kansas,13,4,77,73,1
2006,Bucknell,Arkansas,9,8,59,55,1
2006,Connecticut,Albany,1,16,72,59,1
2006,George Mason,Michigan St.,11,6,75,65,1
2006,Georgetown,Northern Iowa,7,10,54,49,1
2006,Kentucky,UAB,8,9,69,64,1
2006,Memphis,Oral Roberts,1,16,94,78,1
2006,NC State,California,10,7,58,52,1
2006,North Carolina,Murray St.,3,14,69,65,1
2006,Northwestern St.,Iowa,14,3,64,63,1
2006,Ohio St.,Davidson,2,15,70,62,1
2006,Pittsburgh,Kent,5,12,79,64,1
2006,Texas,Penn,2,15,60,52,1
2006,Villanova,Monmouth,1,16,58,45,1
2006,West Virginia,Southern Illinois,6,11,64,46,1
2006,Boston College,Montana,4,12,69,56,1
2006,Duke,George Washington,1,8,74,61,1
2006,Florida,Wisconsin Milwaukee,3,11,82,60,1
2006,Gonzaga,Indiana,3,6,90,80,1
2006,LSU,Texas A&M,4,12,58,57,1
2006,UCLA,Alabama,2,10,62,59,1
2006,Washington,Illinois,5,4,67,64,1
2006,Wichita St.,Tennessee,7,2,80,73,1
2006,Bradley,Pittsburgh,13,5,72,66,1
2006,Connecticut,Kentucky,1,8,87,83,1
2006,George Mason,North Carolina,11,3,65,60,1
2006,Georgetown,Ohio St.,7,2,70,52,1
2006,Memphis,Bucknell,1,9,72,56,1
2006,Texas,NC State,2,10,75,54,1
2006,Villanova,Arizona,1,8,82,78,1
2006,West Virginia,Northwestern St.,6,14,67,54,1
2006,LSU,Duke,4,1,62,54,1
2006,Memphis,Bradley,1,13,80,64,1
2006,Texas,West Virginia,2,6,74,71,1
2006,UCLA,Gonzaga,2,3,73,71,1
2006,Connecticut,Washington,1,5,98,92,1
2006,Florida,Georgetown,3,7,57,53,1
2006,George Mason,Wichita St.,11,7,63,55,1
2006,Villanova,Boston College,1,4,60,59,1
2006,LSU,Texas,4,2,70,60,1
2006,UCLA,Memphis,2,1,50,45,1
2006,Florida,Villanova,3,1,75,62,1
2006,George Mason,Connecticut,11,1,86,84,1
2006,Florida,George Mason,3,11,73,58,1
2006,UCLA,LSU,2,4,59,45,1
2006,Florida,UCLA,3,2,73,57,1
2007,Niagara,Florida A&M,16,16,77,69,1
2007,Boston College,Texas Tech,7,10,84,75,1
2007,Butler,Old Dominion,5,12,57,46,1
2007,Georgetown,Belmont,2,15,80,55,1
2007,Indiana,Gonzaga,7,10,70,57,1
2007,Louisville,Stanford,6,11,78,58,1
2007,Maryland,Davidson,4,13,82,70,1
2007,Michigan St.,Marquette,9,8,61,49,1
2007,North Carolina,Eastern Kentucky,1,16,86,65,1
2007,Ohio St.,Central Connecticut,1,16,78,57,1
2007,Pittsburgh,Wright St.,3,14,79,58,1
2007,Texas A&M,Penn,3,14,68,52,1
2007,UCLA,Weber St.,2,15,70,42,1
2007,VCU,Duke,11,6,79,77,1
2007,Vanderbilt,George Washington,6,11,77,44,1
2007,Washington St.,Oral Roberts,3,14,70,54,1
2007,Xavier,BYU,9,8,79,77,1
2007,Florida,Jackson St.,1,16,112,69,1
2007,Kansas,Niagara,1,16,107,67,1
2007,Kentucky,Villanova,8,9,67,58,1
2007,Memphis,North Texas,2,15,73,58,1
2007,Nevada,Creighton,7,10,77,71,1
2007,Oregon,Miami OH,3,14,58,56,1
2007,Purdue,Arizona,9,8,72,63,1
2007,Southern Illinois,Holy Cross,4,13,61,51,1
2007,Tennessee,Long Beach St.,5,12,121,86,1
2007,Texas,New Mexico St.,4,13,79,67,1
2007,UNLV,Georgia Tech,7,10,67,63,1
2007,USC,Arkansas,5,12,77,60,1
2007,Virginia,Albany,4,13,84,57,1
2007,Virginia Tech,Illinois,5,12,54,52,1
2007,Winthrop,Notre Dame,11,6,74,64,1
2007,Wisconsin,Texas A&M Corpus Christi,2,15,76,63,1
2007,Butler,Maryland,5,4,62,59,1
2007,Georgetown,Boston College,2,7,62,55,1
2007,North Carolina,Michigan St.,1,9,81,67,1
2007,Ohio St.,Xavier,1,9,78,71,1
2007,Pittsburgh,VCU,3,11,84,79,1
2007,Texas A&M,Louisville,3,6,72,69,1
2007,UCLA,Indiana,2,7,54,49,1
2007,Vanderbilt,Washington St.,6,3,78,74,1
2007,Florida,Purdue,1,9,74,67,1
2007,Kansas,Kentucky,1,8,88,76,1
2007,Memphis,Nevada,2,7,78,62,1
2007,Oregon,Winthrop,3,11,75,61,1
2007,Southern Illinois,Virginia Tech,4,5,63,48,1
2007,Tennessee,Virginia,5,4,77,74,1
2007,UNLV,Wisconsin,7,2,74,68,1
2007,USC,Texas,5,4,87,68,1
2007,Kansas,Southern Illinois,1,4,61,58,1
2007,Memphis,Texas A&M,2,3,65,64,1
2007,Ohio St.,Tennessee,1,5,85,84,1
2007,UCLA,Pittsburgh,2,3,64,55,1
2007,Florida,Butler,1,5,65,57,1
2007,Georgetown,Vanderbilt,2,6,66,65,1
2007,North Carolina,USC,1,5,74,64,1
2007,Oregon,UNLV,3,7,76,72,1
2007,Ohio St.,Memphis,1,2,92,76,1
2007,UCLA,Kansas,2,1,68,55,1
2007,Florida,Oregon,1,3,85,77,1
2007,Georgetown,North Carolina,2,1,96,84,1
2007,Florida,UCLA,1,2,76,66,1
2007,Ohio St.,Georgetown,1,2,67,60,1
2007,Florida,Ohio St.,1,1,84,75,1
2008,Mount St. Mary's,Coppin St.,16,16,69,60,1
2008,Duke,Belmont,2,15,71,70,1
2008,Kansas,Portland St.,1,16,85,61,1
2008,Kansas St.,USC,11,6,80,67,1
2008,Marquette,Kentucky,6,11,74,66,1
2008,Michigan St.,Temple,5,12,72,61,1
2008,Notre Dame,George Mason,5,12,68,50,1
2008,Pittsburgh,Oral Roberts,4,13,82,63,1
2008,Purdue,Baylor,6,11,90,79,1
2008,Stanford,Cornell,3,14,77,53,1
2008,Texas A&M,BYU,9,8,67,62,1
2008,UCLA,Mississippi Valley St.,1,16,70,29,1
2008,UNLV,Kent,8,9,71,58,1
2008,Washington St.,Winthrop,4,13,71,40,1
2008,West Virginia,Arizona,7,10,75,65,1
2008,Wisconsin,Cal St. Fullerton,3,14,71,56,1
2008,Xavier,Georgia,3,14,73,61,1
2008,Arkansas,Indiana,9,8,86,72,1
2008,Butler,South Alabama,7,10,81,61,1
2008,Davidson,Gonzaga,10,7,82,76,1
2008,Georgetown,UMBC,2,15,66,47,1
2008,Louisville,Boise St.,3,14,79,61,1
2008,Memphis,UT Arlington,1,16,87,63,1
2008,Miami FL,St. Mary's,7,10,78,64,1
2008,Mississippi St.,Oregon,8,9,76,69,1
2008,North Carolina,Mount St. Mary's,1,16,113,74,1
2008,Oklahoma,St. Joseph's,6,11,72,64,1
2008,San Diego,Connecticut,13,4,70,69,1
2008,Siena,Vanderbilt,13,4,83,62,1
2008,Tennessee,American,2,15,72,57,1
2008,Texas,Austin Peay,2,15,74,54,1
2008,Villanova,Clemson,12,5,75,69,1
2008,Western Kentucky,Drake,12,5,101,99,1
2008,Kansas,UNLV,1,8,75,56,1
2008,Michigan St.,Pittsburgh,5,4,65,54,1
2008,Stanford,Marquette,3,6,82,81,1
2008,UCLA,Texas A&M,1,9,51,49,1
2008,Washington St.,Notre Dame,4,5,61,41,1
2008,West Virginia,Duke,7,2,73,67,1
2008,Wisconsin,Kansas St.,3,11,72,55,1
2008,Xavier,Purdue,3,6,85,78,1
2008,Davidson,Georgetown,10,2,74,70,1
2008,Louisville,Oklahoma,3,6,78,48,1
2008,Memphis,Mississippi St.,1,8,77,74,1
2008,North Carolina,Arkansas,1,9,108,77,1
2008,Tennessee,Butler,2,7,76,71,1
2008,Texas,Miami FL,2,7,75,72,1
2008,Villanova,Siena,12,13,84,72,1
2008,Western Kentucky,San Diego,12,13,72,63,1
2008,Louisville,Tennessee,3,2,79,60,1
2008,North Carolina,Washington St.,1,4,68,47,1
2008,UCLA,Western Kentucky,1,12,88,78,1
2008,Xavier,West Virginia,3,7,79,75,1
2008,Davidson,Wisconsin,10,3,73,56,1
2008,Kansas,Villanova,1,12,72,57,1
2008,Memphis,Michigan St.,1,5,92,74,1
2008,Texas,Stanford,2,3,82,62,1
2008,North Carolina,Louisville,1,3,83,73,1
2008,UCLA,Xavier,1,3,76,57,1
2008,Kansas,Davidson,1,10,59,57,1
2008,Memphis,Texas,1,2,85,67,1
2008,Kansas,North Carolina,1,1,84,66,1
2008,Memphis,UCLA,1,1,78,63,1
2008,Kansas,Memphis,1,1,75,68,1
2009,Morehead St.,Alabama St.,16,16,58,43,1
2009,Connecticut,Chattanooga,1,16,103,47,1
2009,Duke,Binghamton,2,15,86,62,1
2009,Gonzaga,Akron,4,13,77,64,1
2009,LSU,Butler,8,9,75,71,1
2009,Maryland,California,10,7,84,71,1
2009,Memphis,Cal St. Northridge,2,15,81,70,1
2009,Michigan,Clemson,10,7,62,59,1
2009,North Carolina,Radford,1,16,101,58,1
2009,Oklahoma,Morgan St.,2,15,82,54,1
2009,Purdue,Northern Iowa,5,12,61,56,1
2009,Texas,Minnesota,7,10,76,62,1
2009,Texas A&M,BYU,9,8,79,66,1
2009,UCLA,VCU,6,11,65,64,1
2009,Villanova,American,3,14,80,67,1
2009,Western Kentucky,Illinois,12,5,76,72,1
2009,Washington,Mississippi St.,4,13,71,58,1
2009,Arizona,Utah,12,5,84,71,1
2009,Arizona St.,Temple,6,11,66,57,1
2009,Cleveland St.,Wake Forest,13,4,84,69,1
2009,Dayton,West Virginia,11,6,68,60,1
2009,Kansas,North Dakota St.,3,14,84,74,1
2009,Louisville,Morehead St.,1,16,74,54,1
2009,Marquette,Utah St.,6,11,58,57,1
2009,Michigan St.,Robert Morris,2,15,77,62,1
2009,Missouri,Cornell,3,14,78,59,1
2009,Oklahoma St.,Tennessee,8,9,77,75,1
2009,Pittsburgh,East Tennessee St.,1,16,72,62,1
2009,Siena,Ohio St.,9,8,74,72,1
2009,Syracuse,Stephen F. Austin,3,14,59,44,1
2009,USC,Boston College,10,7,72,55,1
2009,Wisconsin,Florida St.,12,5,61,59,1
2009,Xavier,Portland St.,4,13,77,59,1
2009,Connecticut,Texas A&M,1,9,92,66,1
2009,Duke,Texas,2,7,74,69,1
2009,Gonzaga,Western Kentucky,4,12,83,81,1
2009,Memphis,Maryland,2,10,89,70,1
2009,North Carolina,LSU,1,8,84,70,1
2009,Oklahoma,Michigan,2,10,73,63,1
2009,Purdue,Washington,5,4,76,74,1
2009,Villanova,UCLA,3,6,89,69,1
2009,Arizona,Cleveland St.,12,13,71,57,1
2009,Kansas,Dayton,3,11,60,43,1
2009,Louisville,Siena,1,9,79,72,1
2009,Michigan St.,USC,2,10,74,69,1
2009,Missouri,Marquette,3,6,83,79,1
2009,Pittsburgh,Oklahoma St.,1,8,84,76,1
2009,Syracuse,Arizona St.,3,6,78,67,1
2009,Xavier,Wisconsin,4,12,60,49,1
2009,Connecticut,Purdue,1,5,72,60,1
2009,Missouri,Memphis,3,2,102,91,1
2009,Pittsburgh,Xavier,1,4,60,55,1
2009,Villanova,Duke,3,2,77,54,1
2009,Louisville,Arizona,1,12,103,64,1
2009,Michigan St.,Kansas,2,3,67,62,1
2009,North Carolina,Gonzaga,1,4,98,77,1
2009,Oklahoma,Syracuse,2,3,84,71,1
2009,Connecticut,Missouri,1,3,82,75,1
2009,Villanova,Pittsburgh,3,1,78,76,1
2009,Michigan St.,Louisville,2,1,64,52,1
2009,North Carolina,Oklahoma,1,2,72,60,1
2009,Michigan St.,Connecticut,2,1,82,73,1
2009,North Carolina,Villanova,1,3,83,69,1
2009,North Carolina,Michigan St.,1,2,89,72,1
2010,Arkansas Pine Bluff,Winthrop,16,16,61,44,1
2010,Baylor,Sam Houston St.,3,14,68,59,1
2010,Butler,UTEP,5,12,77,59,1
2010,BYU,Florida,7,10,99,92,1
2010,Kansas,Lehigh,1,16,90,74,1
2010,Kansas St.,North Texas,2,15,82,62,1
2010,Kentucky,East Tennessee St.,1,16,100,71,1
2010,Murray St.,Vanderbilt,13,4,66,65,1
2010,New Mexico,Montana,3,14,62,57,1
2010,Northern Iowa,UNLV,9,8,69,66,1
2010,Ohio,Georgetown,14,3,97,83,1
2010,Old Dominion,Notre Dame,11,6,51,50,1
2010,St. Mary's,Richmond,10,7,80,71,1
2010,Tennessee,San Diego St.,6,11,62,59,1
2010,Villanova,Robert Morris,2,15,73,70,1
2010,Wake Forest,Texas,9,8,81,80,1
2010,Washington,Marquette,11,6,80,78,1
2010,California,Louisville,8,9,77,62,1
2010,Cornell,Temple,12,5,78,65,1
2010,Duke,Arkansas Pine Bluff,1,16,73,44,1
2010,Georgia Tech,Oklahoma St.,10,7,64,59,1
2010,Gonzaga,Florida St.,8,9,67,60,1
2010,Maryland,Houston,4,13,89,77,1
2010,Michigan St.,New Mexico St.,5,12,70,67,1
2010,Missouri,Clemson,10,7,86,78,1
2010,Ohio St.,UC Santa Barbara,2,15,68,51,1
2010,Pittsburgh,Oakland,3,14,89,66,1
2010,Purdue,Siena,4,13,72,64,1
2010,Syracuse,Vermont,1,16,79,56,1
2010,Texas A&M,Utah St.,5,12,69,53,1
2010,West Virginia,Morgan St.,2,15,77,50,1
2010,Wisconsin,Wofford,4,13,53,49,1
2010,Xavier,Minnesota,6,11,65,54,1
2010,Baylor,Old Dominion,3,11,76,68,1
2010,Butler,Murray St.,5,13,54,52,1
2010,Kansas St.,BYU,2,7,84,72,1
2010,Kentucky,Wake Forest,1,9,90,60,1
2010,Northern Iowa,Kansas,9,1,69,67,1
2010,St. Mary's,Villanova,10,2,75,68,1
2010,Tennessee,Ohio,6,14,83,68,1
2010,Washington,New Mexico,11,3,82,64,1
2010,Cornell,Wisconsin,12,4,87,69,1
2010,Duke,California,1,8,68,53,1
2010,Michigan St.,Maryland,5,4,85,83,1
2010,Ohio St.,Georgia Tech,2,10,75,66,1
2010,Purdue,Texas A&M,4,5,63,61,1
2010,Syracuse,Gonzaga,1,8,87,65,1
2010,West Virginia,Missouri,2,10,68,59,1
2010,Xavier,Pittsburgh,6,3,71,68,1
2010,Butler,Syracuse,5,1,63,59,1
2010,Kansas St.,Xavier,2,6,101,96,1
2010,Kentucky,Cornell,1,12,62,45,1
2010,West Virginia,Washington,2,11,69,56,1
2010,Baylor,St. Mary's,3,10,72,49,1
2010,Duke,Purdue,1,4,70,57,1
2010,Michigan St.,Northern Iowa,5,9,59,52,1
2010,Tennessee,Ohio St.,6,2,76,73,1
2010,Butler,Kansas St.,5,2,63,56,1
2010,West Virginia,Kentucky,2,1,73,66,1
2010,Duke,Baylor,1,3,78,71,1
2010,Michigan St.,Tennessee,5,6,70,69,1
2010,Butler,Michigan St.,5,5,52,50,1
2010,Duke,West Virginia,1,2,78,57,1
2010,Duke,Butler,1,5,61,59,1
2011,Clemson,UAB,12,12,70,52,1
2011,UNC Asheville,Arkansas Little Rock,16,16,81,77,1
2011,UTSA,Alabama St.,16,16,70,61,1
2011,VCU,USC,11,11,59,46,1
2011,Butler,Old Dominion,8,9,60,58,1
2011,BYU,Wofford,3,14,74,66,1
2011,Cincinnati,Missouri,6,11,78,63,1
2011,Connecticut,Bucknell,3,14,81,52,1
2011,Florida,UC Santa Barbara,2,15,79,51,1
2011,Gonzaga,St. John's,11,6,86,71,1
2011,Kansas St.,Utah St.,5,12,73,68,1
2011,Kentucky,Princeton,4,13,59,57,1
2011,Morehead St.,Louisville,13,4,62,61,1
2011,Pittsburgh,UNC Asheville,1,16,74,51,1
2011,Richmond,Vanderbilt,12,5,69,66,1
2011,San Diego St.,Northern Colorado,2,15,68,50,1
2011,Temple,Penn St.,7,10,66,64,1
2011,UCLA,Michigan St.,7,10,78,76,1
2011,West Virginia,Clemson,5,12,84,76,1
2011,Wisconsin,Belmont,4,13,72,58,1
2011,Arizona,Memphis,5,12,77,75,1
2011,Duke,Hampton,1,16,87,45,1
2011,Florida St.,Texas A&M,10,7,57,50,1
2011,George Mason,Villanova,8,9,61,57,1
2011,Illinois,UNLV,9,8,73,62,1
2011,Kansas,Boston University,1,16,72,53,1
2011,Marquette,Xavier,11,6,66,55,1
2011,Michigan,Tennessee,8,9,75,45,1
2011,North Carolina,LIU Brooklyn,2,15,102,87,1
2011,Notre Dame,Akron,2,15,69,56,1
2011,Ohio St.,UTSA,1,16,75,46,1
2011,Purdue,St. Peter's,3,14,65,43,1
2011,Syracuse,Indiana St.,3,14,77,60,1
2011,Texas,Oakland,4,13,85,81,1
2011,VCU,Georgetown,11,6,74,56,1
2011,Washington,Georgia,7,10,68,65,1
2011,Butler,Pittsburgh,8,1,71,70,1
2011,BYU,Gonzaga,3,11,89,67,1
2011,Connecticut,Cincinnati,3,6,69,58,1
2011,Florida,UCLA,2,7,73,65,1
2011,Kentucky,West Virginia,4,5,71,63,1
2011,Richmond,Morehead St.,12,13,65,48,1
2011,San Diego St.,Temple,2,7,71,64,1
2011,Wisconsin,Kansas St.,4,5,70,65,1
2011,Arizona,Texas,5,4,70,69,1
2011,Duke,Michigan,1,8,73,71,1
2011,Florida St.,Notre Dame,10,2,71,57,1
2011,Kansas,Illinois,1,9,73,59,1
2011,Marquette,Syracuse,11,3,66,62,1
2011,North Carolina,Washington,2,7,86,83,1
2011,Ohio St.,George Mason,1,8,98,66,1
2011,VCU,Purdue,11,3,94,76,1
2011,Arizona,Duke,5,1,93,77,1
2011,Butler,Wisconsin,8,4,61,54,1
2011,Connecticut,San Diego St.,3,2,74,67,1
2011,Florida,BYU,2,3,83,74,1
2011,Kansas,Richmond,1,12,77,57,1
2011,Kentucky,Ohio St.,4,1,62,60,1
2011,North Carolina,Marquette,2,11,81,63,1
2011,VCU,Florida St.,11,10,72,71,1
2011,Butler,Florida,8,2,74,71,1
2011,Connecticut,Arizona,3,5,65,63,1
2011,Kentucky,North Carolina,4,2,76,69,1
2011,VCU,Kansas,11,1,71,61,1
2011,Butler,VCU,8,11,70,62,1
2011,Connecticut,Kentucky,3,4,56,55,1
2011,Connecticut,Butler,3,8,53,41,1
2012,BYU,Iona,14,14,78,72,1
2012,Western Kentucky,Mississippi Valley St.,16,16,59,58,1
2012,South Florida,California,12,12,65,54,1
2012,Vermont,Lamar,16,16,71,59,1
2012,Baylor,South Dakota St.,3,14,68,60,1
2012,Colorado,UNLV,11,6,68,64,1
2012,Gonzaga,West Virginia,7,10,77,54,1
2012,Indiana,New Mexico St.,4,13,79,66,1
2012,Iowa St.,Connecticut,8,9,77,64,1
2012,Kansas St.,Southern Miss,8,9,70,64,1
2012,Kentucky,Western Kentucky,1,16,81,66,1
2012,Louisville,Davidson,4,13,69,62,1
2012,Marquette,BYU,3,14,88,68,1
2012,Murray St.,Colorado St.,6,11,58,41,1
2012,New Mexico,Long Beach St.,5,12,75,68,1
2012,Ohio St.,Loyola MD,2,15,78,59,1
2012,Syracuse,UNC Asheville,1,16,72,65,1
2012,VCU,Wichita St.,12,5,62,59,1
2012,Vanderbilt,Harvard,5,12,79,70,1
2012,Wisconsin,Montana,4,13,73,49,1
2012,Cincinnati,Texas,6,11,65,59,1
2012,Creighton,Alabama,8,9,58,57,1
2012,Florida,Virginia,7,10,71,45,1
2012,Florida St.,St. Bonaventure,3,14,66,63,1
2012,Georgetown,Belmont,3,14,74,59,1
2012,Kansas,Detroit,2,15,65,50,1
2012,Lehigh,Duke,15,2,75,70,1
2012,Michigan St.,LIU Brooklyn,1,16,89,67,1
2012,NC State,San Diego St.,11,6,79,65,1
2012,Norfolk St.,Missouri,15,2,86,84,1
2012,North Carolina,Vermont,1,16,77,58,1
2012,Ohio,Michigan,13,4,65,60,1
2012,Purdue,St. Mary's,10,7,72,69,1
2012,South Florida,Temple,12,5,58,44,1
2012,Saint Louis,Memphis,9,8,61,54,1
2012,Xavier,Notre Dame,10,7,67,63,1
2012,Baylor,Colorado,3,11,80,63,1
2012,Indiana,VCU,4,12,63,61,1
2012,Kentucky,Iowa St.,1,8,87,71,1
2012,Louisville,New Mexico,4,5,59,56,1
2012,Marquette,Murray St.,3,6,62,53,1
2012,Ohio St.,Gonzaga,2,7,73,66,1
2012,Syracuse,Kansas St.,1,8,75,59,1
2012,Wisconsin,Vanderbilt,4,5,60,57,1
2012,Cincinnati,Florida St.,6,3,62,56,1
2012,Florida,Norfolk St.,7,15,84,50,1
2012,Kansas,Purdue,2,10,63,60,1
2012,Michigan St.,Saint Louis,1,9,65,61,1
2012,NC State,Georgetown,11,3,66,63,1
2012,North Carolina,Creighton,1,8,87,73,1
2012,Ohio,South Florida,13,12,62,56,1
2012,Xavier,Lehigh,10,15,70,58,1
2012,Florida,Marquette,7,3,68,58,1
2012,Louisville,Michigan St.,4,1,57,44,1
2012,Ohio St.,Cincinnati,2,6,81,66,1
2012,Syracuse,Wisconsin,1,4,64,63,1
2012,Baylor,Xavier,3,10,75,70,1
2012,Kansas,NC State,2,11,60,57,1
2012,Kentucky,Indiana,1,4,102,90,1
2012,North Carolina,Ohio,1,13,73,65,1
2012,Louisville,Florida,4,7,72,68,1
2012,Ohio St.,Syracuse,2,1,77,70,1
2012,Kansas,North Carolina,2,1,80,67,1
2012,Kentucky,Baylor,1,3,82,70,1
2012,Kansas,Ohio St.,2,2,64,62,1
2012,Kentucky,Louisville,1,4,69,61,1
2012,Kentucky,Kansas,1,2,67,59,1
2013,North Carolina A&T,Liberty,16,16,73,72,1
2013,St. Mary's,Middle Tennessee,11,11,67,54,1
2013,James Madison,LIU Brooklyn,16,16,68,55,1
2013,La Salle,Boise St.,13,13,80,71,1
2013,Arizona,Belmont,6,11,81,64,1
2013,Butler,Bucknell,6,11,68,56,1
2013,California,UNLV,12,5,64,61,1
2013,Colorado St.,Missouri,8,9,84,72,1
2013,Gonzaga,Southern,1,16,64,58,1
2013,Harvard,New Mexico,14,3,68,62,1
2013,Louisville,North Carolina A&T,1,16,79,48,1
2013,Marquette,Davidson,3,14,59,58,1
2013,Memphis,St. Mary's,6,11,54,52,1
2013,Michigan,South Dakota St.,4,13,71,56,1
2013,Michigan St.,Valparaiso,3,14,65,54,1
2013,Oregon,Oklahoma St.,12,5,68,55,1
2013,Saint Louis,New Mexico St.,4,13,64,44,1
2013,Syracuse,Montana,4,13,81,34,1
2013,VCU,Akron,5,12,88,42,1
2013,Wichita St.,Pittsburgh,9,8,73,55,1
2013,Creighton,Cincinnati,7,10,67,63,1
2013,Duke,Albany,2,15,73,61,1
2013,Florida Gulf Coast,Georgetown,15,2,78,68,1
2013,Florida,Northwestern St.,3,14,79,47,1
2013,Illinois,Colorado,7,10,57,49,1
2013,Indiana,James Madison,1,16,83,62,1
2013,Iowa St.,Notre Dame,10,7,76,58,1
2013,Kansas,Western Kentucky,1,16,64,57,1
2013,La Salle,Kansas St.,13,4,63,61,1
2013,Miami FL,Pacific,2,15,78,49,1
2013,Minnesota,UCLA,11,6,83,63,1
2013,Mississippi,Wisconsin,12,5,57,46,1
2013,North Carolina,Villanova,8,9,78,71,1
2013,Ohio St.,Iona,2,15,95,70,1
2013,San Diego St.,Oklahoma,7,10,70,55,1
2013,Temple,NC State,9,8,76,72,1
2013,Arizona,Harvard,6,14,74,51,1
2013,Louisville,Colorado St.,1,8,82,56,1
2013,Marquette,Butler,3,6,74,72,1
2013,Michigan,VCU,4,5,78,53,1
2013,Michigan St.,Memphis,3,6,70,48,1
2013,Oregon,Saint Louis,12,4,74,57,1
2013,Syracuse,California,4,12,66,60,1
2013,Wichita St.,Gonzaga,9,1,76,70,1
2013,Duke,Creighton,2,7,66,50,1
2013,Florida Gulf Coast,San Diego St.,15,7,81,71,1
2013,Florida,Minnesota,3,11,78,64,1
2013,Indiana,Temple,1,9,58,52,1
2013,Kansas,North Carolina,1,8,70,58,1
2013,La Salle,Mississippi,13,12,76,74,1
2013,Miami FL,Illinois,2,7,63,59,1
2013,Ohio St.,Iowa St.,2,10,78,75,1
2013,Marquette,Miami FL,3,2,71,61,1
2013,Ohio St.,Arizona,2,6,73,70,1
2013,Syracuse,Indiana,4,1,61,50,1
2013,Wichita St.,La Salle,9,13,72,58,1
2013,Duke,Michigan St.,2,3,71,61,1
2013,Florida,Florida Gulf Coast,3,15,62,50,1
2013,Louisville,Oregon,1,12,77,69,1
2013,Michigan,Kansas,4,1,87,85,1
2013,Syracuse,Marquette,4,3,55,39,1
2013,Wichita St.,Ohio St.,9,2,70,66,1
2013,Louisville,Duke,1,2,85,63,1
2013,Michigan,Florida,4,3,79,59,1
2013,Louisville,Wichita St.,1,9,72,68,1
2013,Michigan,Syracuse,4,4,61,56,1
2013,Louisville,Michigan,1,4,82,76,1
2014,Albany,Mount St. Mary's,16,16,71,64,1
2014,NC State,Xavier,12,12,74,59,1
2014,Cal Poly,Texas Southern,16,16,81,69,1
2014,Tennessee,Iowa,11,11,78,65,1
2014,Connecticut,St. Joseph's,7,10,89,81,1
2014,Dayton,Ohio St.,11,6,60,59,1
2014,Florida,Albany,1,16,67,55,1
2014,Harvard,Cincinnati,12,5,61,57,1
2014,Louisville,Manhattan,4,13,71,64,1
2014,Michigan,Wofford,2,15,57,40,1
2014,Michigan St.,Delaware,4,13,93,78,1
2014,North Dakota St.,Oklahoma,12,5,80,75,1
2014,Oregon,BYU,7,10,87,68,1
2014,Pittsburgh,Colorado,9,8,77,48,1
2014,San Diego St.,New Mexico St.,4,13,73,69,1
2014,Saint Louis,NC State,5,12,83,80,1
2014,Syracuse,Western Michigan,3,14,77,53,1
2014,Texas,Arizona St.,7,10,87,85,1
2014,Villanova,Wisconsin Milwaukee,2,15,73,53,1
2014,Wisconsin,American,2,15,75,35,1
2014,Arizona,Weber St.,1,16,68,59,1
2014,Baylor,Nebraska,6,11,74,60,1
2014,Creighton,Louisiana,3,14,76,66,1
2014,Gonzaga,Oklahoma St.,8,9,85,77,1
2014,Iowa St.,North Carolina Central,3,14,93,75,1
2014,Kansas,Eastern Kentucky,2,15,80,69,1
2014,Kentucky,Kansas St.,8,9,56,49,1
2014,Memphis,George Washington,8,9,71,66,1
2014,Mercer,Duke,14,3,78,71,1
2014,North Carolina,Providence,6,11,79,77,1
2014,Stephen F. Austin,VCU,12,5,77,75,1
2014,Stanford,New Mexico,10,7,58,53,1
2014,Tennessee,Massachusetts,11,6,86,67,1
2014,UCLA,Tulsa,4,13,76,59,1
2014,Virginia,Coastal Carolina,1,16,70,59,1
2014,Wichita St.,Cal Poly,1,16,64,37,1
2014,Connecticut,Villanova,7,2,77,65,1
2014,Dayton,Syracuse,11,3,55,53,1
2014,Florida,Pittsburgh,1,9,61,45,1
2014,Louisville,Saint Louis,4,5,66,51,1
2014,Michigan,Texas,2,7,79,65,1
2014,Michigan St.,Harvard,4,12,80,73,1
2014,San Diego St.,North Dakota St.,4,12,63,44,1
2014,Wisconsin,Oregon,2,7,85,77,1
2014,Arizona,Gonzaga,1,8,84,61,1
2014,Baylor,Creighton,6,3,85,55,1
2014,Iowa St.,North Carolina,3,6,85,83,1
2014,Kentucky,Wichita St.,8,1,78,76,1
2014,Stanford,Kansas,10,2,60,57,1
2014,Tennessee,Mercer,11,14,83,63,1
2014,UCLA,Stephen F. Austin,4,12,77,60,1
2014,Virginia,Memphis,1,8,78,60,1
2014,Arizona,San Diego St.,1,4,70,64,1
2014,Dayton,Stanford,11,10,82,72,1
2014,Florida,UCLA,1,4,79,68,1
2014,Wisconsin,Baylor,2,6,69,52,1
2014,Connecticut,Iowa St.,7,3,81,76,1
2014,Kentucky,Louisville,8,4,74,69,1
2014,Michigan,Tennessee,2,11,73,71,1
2014,Michigan St.,Virginia,4,1,61,59,1
2014,Florida,Dayton,1,11,62,52,1
2014,Wisconsin,Arizona,2,1,64,63,1
2014,Connecticut,Michigan St.,7,4,60,54,1
2014,Kentucky,Michigan,8,2,75,72,1
2014,Connecticut,Florida,7,1,63,53,1
2014,Kentucky,Wisconsin,8,2,74,73,1
2014,Connecticut,Kentucky,7,8,60,54,1
2015,Hampton,Manhattan,16,16,74,64,1
2015,Mississippi,BYU,11,11,94,90,1
2015,Dayton,Boise St.,11,11,56,55,1
2015,Robert Morris,North Florida,16,16,81,77,1
2015,Arizona,Texas Southern,2,15,93,72,1
2015,Arkansas,Wofford,5,12,56,53,1
2015,Butler,Texas,6,11,56,48,1
2015,Cincinnati,Purdue,8,9,66,65,1
2015,Georgetown,Eastern Washington,4,13,84,74,1
2015,Georgia St.,Baylor,14,3,57,56,1
2015,Kentucky,Hampton,1,16,79,56,1
2015,NC State,LSU,8,9,66,65,1
2015,North Carolina,Harvard,4,13,67,65,1
2015,Notre Dame,Northeastern,3,14,69,65,1
2015,Ohio St.,VCU,10,7,75,72,1
2015,UAB,Iowa St.,14,3,60,59,1
2015,UCLA,SMU,11,6,60,59,1
2015,Utah,Stephen F. Austin,5,12,57,50,1
2015,Villanova,Lafayette,1,16,93,52,1
2015,Xavier,Mississippi,6,11,76,57,1
2015,Dayton,Providence,11,6,66,53,1
2015,Duke,Robert Morris,1,16,85,56,1
2015,Gonzaga,North Dakota St.,2,15,86,76,1
2015,Iowa,Davidson,7,10,83,52,1
2015,Kansas,New Mexico St.,2,15,75,56,1
2015,Louisville,UC Irvine,4,13,57,55,1
2015,Maryland,Valparaiso,4,13,65,62,1
2015,Michigan St.,Georgia,7,10,70,63,1
2015,Northern Iowa,Wyoming,5,12,71,54,1
2015,Oklahoma,Albany,3,14,69,60,1
2015,Oregon,Oklahoma St.,8,9,79,73,1
2015,San Diego St.,St. John's,8,9,76,64,1
2015,Virginia,Belmont,2,15,79,67,1
2015,West Virginia,Buffalo,5,12,68,62,1
2015,Wichita St.,Indiana,7,10,81,76,1
2015,Wisconsin,Coastal Carolina,1,16,86,72,1
2015,Arizona,Ohio St.,2,10,73,58,1
2015,Kentucky,Cincinnati,1,8,64,51,1
2015,NC State,Villanova,8,1,71,68,1
2015,North Carolina,Arkansas,4,5,87,78,1
2015,Notre Dame,Butler,3,6,67,64,1
2015,UCLA,UAB,11,14,92,75,1
2015,Utah,Georgetown,5,4,75,64,1
2015,Xavier,Georgia St.,6,14,75,67,1
2015,Duke,San Diego St.,1,8,68,49,1
2015,Gonzaga,Iowa,2,7,87,68,1
2015,Louisville,Northern Iowa,4,5,66,53,1
2015,Michigan St.,Virginia,7,2,60,54,1
2015,Oklahoma,Dayton,3,11,72,66,1
2015,West Virginia,Maryland,5,4,69,59,1
2015,Wichita St.,Kansas,7,2,78,65,1
2015,Wisconsin,Oregon,1,8,72,65,1
2015,Arizona,Xavier,2,6,68,60,1
2015,Kentucky,West Virginia,1,5,78,39,1
2015,Notre Dame,Wichita St.,3,7,81,70,1
2015,Wisconsin,North Carolina,1,4,79,72,1
2015,Duke,Utah,1,5,63,57,1
2015,Gonzaga,UCLA,2,11,74,62,1
2015,Louisville,NC State,4,8,75,65,1
2015,Michigan St.,Oklahoma,7,3,62,58,1
2015,Kentucky,Notre Dame,1,3,68,66,1
2015,Wisconsin,Arizona,1,2,85,78,1
2015,Duke,Gonzaga,1,2,66,52,1
2015,Michigan St.,Louisville,7,4,76,70,1
2015,Duke,Michigan St.,1,7,81,61,1
2015,Wisconsin,Kentucky,1,1,71,64,1
2015,Duke,Wisconsin,1,1,68,63,1
2016,Florida Gulf Coast,Fairleigh Dickinson,16,16,96,65,1
2016,Wichita St.,Vanderbilt,11,11,70,50,1
2016,Holy Cross,Southern,16,16,59,55,1
2016,Michigan,Tulsa,11,11,67,62,1
2016,Arkansas Little Rock,Purdue,12,5,85,83,1
2016,Butler,Texas Tech,9,8,71,61,1
2016,Connecticut,Colorado,9,8,74,67,1
2016,Duke,UNC Wilmington,4,13,93,85,1
2016,Gonzaga,Seton Hall,11,6,68,52,1
2016,Indiana,Chattanooga,5,12,99,74,1
2016,Iowa St.,Iona,4,13,94,81,1
2016,Kansas,Austin Peay,1,16,105,79,1
2016,Kentucky,Stony Brook,4,13,85,57,1
2016,Miami FL,Buffalo,3,14,79,72,1
2016,North Carolina,Florida Gulf Coast,1,16,83,67,1
2016,Providence,USC,9,8,70,69,1
2016,Utah,Fresno St.,3,14,80,69,1
2016,Virginia,Hampton,1,16,81,45,1
2016,Wichita St.,Arizona,11,6,65,55,1
2016,Yale,Baylor,12,5,79,75,1
2016,Hawaii,California,13,4,77,66,1
2016,Iowa,Temple,7,10,72,70,1
2016,Maryland,South Dakota St.,5,12,79,74,1
2016,Middle Tennessee,Michigan St.,15,2,90,81,1
2016,Northern Iowa,Texas,11,6,75,72,1
2016,Notre Dame,Michigan,6,11,70,63,1
2016,Oklahoma,Cal St. Bakersfield,2,15,82,68,1
2016,Oregon,Holy Cross,1,16,91,52,1
2016,Stephen F. Austin,West Virginia,14,3,70,56,1
2016,St. Joseph's,Cincinnati,8,9,78,76,1
2016,Syracuse,Dayton,10,7,70,51,1
2016,Texas A&M,Wisconsin Green Bay,3,14,92,65,1
2016,VCU,Oregon St.,10,7,75,67,1
2016,Villanova,UNC Asheville,2,15,86,56,1
2016,Wisconsin,Pittsburgh,7,10,47,43,1
2016,Xavier,Weber St.,2,15,71,53,1
2016,Duke,Yale,4,12,71,64,1
2016,Gonzaga,Utah,11,3,82,59,1
2016,Indiana,Kentucky,5,4,73,67,1
2016,Iowa St.,Arkansas Little Rock,4,12,78,61,1
2016,Kansas,Connecticut,1,9,73,61,1
2016,Miami FL,Wichita St.,3,11,65,57,1
2016,North Carolina,Providence,1,9,85,66,1
2016,Virginia,Butler,1,9,77,69,1
2016,Maryland,Hawaii,5,13,73,60,1
2016,Notre Dame,Stephen F. Austin,6,14,76,75,1
2016,Oklahoma,VCU,2,10,85,81,1
2016,Oregon,St. Joseph's,1,8,69,64,1
2016,Syracuse,Middle Tennessee,10,15,75,50,1
2016,Texas A&M,Northern Iowa,3,11,92,88,1
2016,Villanova,Iowa,2,7,87,68,1
2016,Wisconsin,Xavier,7,2,66,63,1
2016,Kansas,Maryland,1,5,79,63,1
2016,Oklahoma,Texas A&M,2,3,77,63,1
2016,Oregon,Duke,1,4,82,68,1
2016,Villanova,Miami FL,2,3,92,69,1
2016,North Carolina,Indiana,1,5,101,86,1
2016,Notre Dame,Wisconsin,6,7,61,56,1
2016,Syracuse,Gonzaga,10,11,63,60,1
2016,Virginia,Iowa St.,1,4,84,71,1
2016,Oklahoma,Oregon,2,1,80,68,1
2016,Villanova,Kansas,2,1,64,59,1
2016,North Carolina,Notre Dame,1,6,88,74,1
2016,Syracuse,Virginia,10,1,68,62,1
2016,North Carolina,Syracuse,1,10,83,66,1
2016,Villanova,Oklahoma,2,2,95,51,1
2016,Villanova,North Carolina,2,1,77,74,1
2017,Kansas St.,Wake Forest,11,11,95,88,1
2017,Mount St. Mary's,New Orleans,16,16,67,66,1
2017,UC Davis,North Carolina Central,16,16,67,63,1
2017,USC,Providence,11,11,75,71,1
2017,Arizona,North Dakota,2,15,100,82,1
2017,Butler,Winthrop,4,13,76,64,1
2017,Florida,East Tennessee St.,4,13,80,65,1
2017,Florida St.,Florida Gulf Coast,3,14,86,80,1
2017,Gonzaga,South Dakota St.,1,16,66,46,1
2017,Iowa St.,Nevada,5,12,84,73,1
2017,Middle Tennessee,Minnesota,12,5,81,72,1
2017,Northwestern,Vanderbilt,8,9,68,66,1
2017,Notre Dame,Princeton,5,12,60,58,1
2017,Purdue,Vermont,4,13,80,70,1
2017,St. Mary's,VCU,7,10,85,77,1
2017,Villanova,Mount St. Mary's,1,16,76,56,1
2017,Virginia,UNC Wilmington,5,12,76,71,1
2017,West Virginia,Bucknell,4,13,86,80,1
2017,Wisconsin,Virginia Tech,8,9,84,74,1
2017,Xavier,Maryland,11,6,76,65,1
2017,Arkansas,Seton Hall,8,9,77,71,1
2017,Baylor,New Mexico St.,3,14,91,73,1
2017,Cincinnati,Kansas St.,6,11,75,61,1
2017,Duke,Troy,2,15,87,65,1
2017,Kansas,UC Davis,1,16,100,62,1
2017,Kentucky,Northern Kentucky,2,15,79,70,1
2017,Louisville,Jacksonville St.,2,15,78,63,1
2017,Michigan,Oklahoma St.,7,10,92,91,1
2017,Michigan St.,Miami FL,9,8,78,58,1
2017,North Carolina,Texas Southern,1,16,103,64,1
2017,Oregon,Iona,3,14,93,77,1
2017,Rhode Island,Creighton,11,6,84,72,1
2017,South Carolina,Marquette,7,10,93,73,1
2017,UCLA,Kent,3,14,97,80,1
2017,USC,SMU,11,6,66,65,1
2017,Wichita St.,Dayton,10,7,64,58,1
2017,Arizona,St. Mary's,2,7,69,60,1
2017,Butler,Middle Tennessee,4,12,74,65,1
2017,Florida,Virginia,4,5,65,39,1
2017,Gonzaga,Northwestern,1,8,79,73,1
2017,Purdue,Iowa St.,4,5,80,76,1
2017,West Virginia,Notre Dame,4,5,83,71,1
2017,Wisconsin,Villanova,8,1,65,62,1
2017,Xavier,Florida St.,11,3,91,66,1
2017,Baylor,USC,3,11,82,78,1
2017,Kansas,Michigan St.,1,9,90,70,1
2017,Kentucky,Wichita St.,2,10,65,62,1
2017,Michigan,Louisville,7,2,73,69,1
2017,North Carolina,Arkansas,1,8,72,65,1
2017,Oregon,Rhode Island,3,11,75,72,1
2017,South Carolina,Duke,7,2,88,81,1
2017,UCLA,Cincinnati,3,6,79,67,1
2017,Gonzaga,West Virginia,1,4,61,58,1
2017,Kansas,Purdue,1,4,98,66,1
2017,Oregon,Michigan,3,7,69,68,1
2017,Xavier,Arizona,11,2,73,71,1
2017,Florida,Wisconsin,4,8,84,83,1
2017,Kentucky,UCLA,2,3,86,75,1
2017,North Carolina,Butler,1,4,92,80,1
2017,South Carolina,Baylor,7,3,70,50,1
2017,Gonzaga,Xavier,1,11,83,59,1
2017,Oregon,Kansas,3,1,74,60,1
2017,North Carolina,Kentucky,1,2,75,73,1
2017,South Carolina,Florida,7,4,77,70,1
2017,Gonzaga,South Carolina,1,7,77,73,1
2017,North Carolina,Oregon,1,3,77,76,1
2017,North Carolina,Gonzaga,1,1,71,65,1
2018,Radford,LIU Brooklyn,16,16,71,61,1
2018,St. Bonaventure,UCLA,11,11,65,58,1
2018,Syracuse,Arizona St.,11,11,60,56,1
2018,Texas Southern,North Carolina Central,16,16,64,46,1
2018,Alabama,Virginia Tech,9,8,86,83,1
2018,Buffalo,Arizona,13,4,89,68,1
2018,Duke,Iona,2,15,89,67,1
2018,Florida,St. Bonaventure,6,11,77,62,1
2018,Gonzaga,UNC Greensboro,4,13,68,64,1
2018,Houston,San Diego St.,6,11,67,65,1
2018,Kansas,Penn,1,16,76,60,1
2018,Kentucky,Davidson,5,12,78,73,1
2018,Loyola Chicago,Miami FL,11,6,64,62,1
2018,Michigan,Montana,3,14,61,47,1
2018,Ohio St.,South Dakota St.,5,12,81,73,1
2018,Rhode Island,Oklahoma,7,10,83,78,1
2018,Seton Hall,NC State,8,9,94,83,1
2018,Tennessee,Wright St.,3,14,73,47,1
2018,Texas Tech,Stephen F. Austin,3,14,70,60,1
2018,Villanova,Radford,1,16,87,61,1
2018,Auburn,College of Charleston,4,13,62,58,1
2018,Butler,Arkansas,10,7,79,62,1
2018,Cincinnati,Georgia St.,2,15,68,53,1
2018,Clemson,New Mexico St.,5,12,79,68,1
2018,Florida St.,Missouri,9,8,67,54,1
2018,Kansas St.,Creighton,9,8,69,59,1
2018,Marshall,Wichita St.,13,4,81,75,1
2018,Michigan St.,Bucknell,3,14,82,78,1
2018,Nevada,Texas,7,10,87,83,1
2018,North Carolina,Lipscomb,2,15,84,66,1
2018,Purdue,Cal St. Fullerton,2,15,74,48,1
2018,Syracuse,TCU,11,6,57,52,1
2018,Texas A&M,Providence,7,10,73,69,1
2018,UMBC,Virginia,16,1,74,54,1
2018,West Virginia,Murray St.,5,12,85,68,1
2018,Xavier,Texas Southern,1,16,102,83,1
2018,Duke,Rhode Island,2,7,87,62,1
2018,Gonzaga,Ohio St.,4,5,90,84,1
2018,Kansas,Seton Hall,1,8,83,79,1
2018,Kentucky,Buffalo,5,13,95,75,1
2018,Loyola Chicago,Tennessee,11,3,63,62,1
2018,Michigan,Houston,3,6,64,63,1
2018,Texas Tech,Florida,3,6,69,66,1
2018,Villanova,Alabama,1,9,81,58,1
2018,Clemson,Auburn,5,4,84,53,1
2018,Florida St.,Xavier,9,1,75,70,1
2018,Kansas St.,UMBC,9,16,50,43,1
2018,Nevada,Cincinnati,7,2,75,73,1
2018,Purdue,Butler,2,10,76,73,1
2018,Syracuse,Michigan St.,11,3,55,53,1
2018,Texas A&M,North Carolina,7,2,86,65,1
2018,West Virginia,Marshall,5,13,94,71,1
2018,Florida St.,Gonzaga,9,4,75,60,1
2018,Kansas St.,Kentucky,9,5,61,58,1
2018,Loyola Chicago,Nevada,11,7,69,68,1
2018,Michigan,Texas A&M,3,7,99,72,1
2018,Duke,Syracuse,2,11,69,65,1
2018,Kansas,Clemson,1,5,80,76,1
2018,Texas Tech,Purdue,3,2,78,65,1
2018,Villanova,West Virginia,1,5,90,78,1
2018,Loyola Chicago,Kansas St.,11,9,78,62,1
2018,Michigan,Florida St.,3,9,58,54,1
2018,Kansas,Duke,1,2,85,81,1
2018,Villanova,Texas Tech,1,3,71,59,1
2018,Michigan,Loyola Chicago,3,11,69,57,1
2018,Villanova,Kansas,1,1,95,79,1
2018,Villanova,Michigan,1,3,79,62,1
2019,Belmont,Temple,11,11,81,70,1
2019,Fairleigh Dickinson,Prairie View A&M,16,16,82,76,1
2019,Arizona St.,St. John's,11,11,74,65,1
2019,North Dakota St.,North Carolina Central,16,16,78,74,1
2019,Auburn,New Mexico St.,5,12,78,77,1
2019,Baylor,Syracuse,9,8,78,69,1
2019,Florida,Nevada,10,7,70,61,1
2019,Florida St.,Vermont,4,13,76,69,1
2019,Gonzaga,Fairleigh Dickinson,1,16,87,49,1
2019,Kansas,Northeastern,4,13,87,53,1
2019,Kentucky,Abilene Christian,2,15,79,44,1
2019,LSU,Yale,3,14,79,74,1
2019,Maryland,Belmont,6,11,79,77,1
2019,Michigan,Montana,2,15,74,55,1
2019,Michigan St.,Bradley,2,15,76,65,1
2019,Minnesota,Louisville,10,7,86,76,1
2019,Murray St.,Marquette,12,5,83,64,1
2019,Purdue,Old Dominion,3,14,61,48,1
2019,Villanova,St. Mary's,6,11,61,57,1
2019,Wofford,Seton Hall,7,10,84,68,1
2019,Buffalo,Arizona St.,6,11,91,74,1
2019,Duke,North Dakota St.,1,16,85,62,1
2019,Houston,Georgia St.,3,14,84,55,1
2019,Iowa,Cincinnati,10,7,79,72,1
2019,Liberty,Mississippi St.,12,5,80,76,1
2019,North Carolina,Iona,1,16,88,73,1
2019,Ohio St.,Iowa St.,11,6,62,59,1
2019,Oklahoma,Mississippi,9,8,95,72,1
2019,Oregon,Wisconsin,12,5,72,54,1
2019,Tennessee,Colgate,2,15,77,70,1
2019,Texas Tech,Northern Kentucky,3,14,72,57,1
2019,UC Irvine,Kansas St.,13,4,70,64,1
2019,UCF,VCU,9,8,73,58,1
2019,Virginia,Gardner Webb,1,16,71,56,1
2019,Virginia Tech,Saint Louis,4,13,66,52,1
2019,Washington,Utah St.,9,8,78,61,1
2019,Auburn,Kansas,5,4,89,75,1
2019,Florida St.,Murray St.,4,12,90,62,1
2019,Gonzaga,Baylor,1,9,83,71,1
2019,Kentucky,Wofford,2,7,62,56,1
2019,LSU,Maryland,3,6,69,67,1
2019,Michigan,Florida,2,10,64,49,1
2019,Michigan St.,Minnesota,2,10,70,50,1
2019,Purdue,Villanova,3,6,87,61,1
2019,Duke,UCF,1,9,77,76,1
2019,Houston,Ohio St.,3,11,74,59,1
2019,North Carolina,Washington,1,9,81,59,1
2019,Oregon,UC Irvine,12,13,73,54,1
2019,Tennessee,Iowa,2,10,83,77,1
2019,Texas Tech,Buffalo,3,6,78,58,1
2019,Virginia,Oklahoma,1,9,63,51,1
2019,Virginia Tech,Liberty,4,12,67,58,1
2019,Gonzaga,Florida St.,1,4,72,58,1
2019,Purdue,Tennessee,3,2,99,94,1
2019,Texas Tech,Michigan,3,2,63,44,1
2019,Virginia,Oregon,1,12,53,49,1
2019,Auburn,North Carolina,5,1,97,80,1
2019,Duke,Virginia Tech,1,4,75,73,1
2019,Kentucky,Houston,2,3,62,58,1
2019,Michigan St.,LSU,2,3,80,63,1
2019,Texas Tech,Gonzaga,3,1,75,69,1
2019,Virginia,Purdue,1,3,80,75,1
2019,Auburn,Kentucky,5,2,77,71,1
2019,Michigan St.,Duke,2,1,68,67,1
2019,Texas Tech,Michigan St.,3,2,61,51,1
2019,Virginia,Auburn,1,5,63,62,1
2019,Virginia,Texas Tech,1,3,85,77,1
2021,Drake,Wichita St.,11,11,53,52,1
2021,Norfolk St.,Appalachian St.,16,16,54,53,1
2021,Texas Southern,Mount St. Mary's,16,16,60,52,1
2021,UCLA,Michigan St.,11,11,86,80,1
2021,Arkansas,Colgate,3,14,85,68,1
2021,Baylor,Hartford,1,16,79,55,1
2021,Florida,Virginia Tech,7,10,75,70,1
2021,Houston,Cleveland St.,2,15,87,56,1
2021,Illinois,Drexel,1,16,78,49,1
2021,Loyola Chicago,Georgia Tech,8,9,71,60,1
2021,North Texas,Purdue,13,4,78,69,1
2021,Oklahoma St.,Liberty,4,13,69,60,1
2021,Oral Roberts,Ohio St.,15,2,75,72,1
2021,Oregon St.,Tennessee,12,5,70,56,1
2021,Rutgers,Clemson,10,7,60,56,1
2021,Syracuse,San Diego St.,11,6,78,62,1
2021,Texas Tech,Utah St.,6,11,65,53,1
2021,Villanova,Winthrop,5,12,73,63,1
2021,West Virginia,Morehead St.,3,14,84,67,1
2021,Wisconsin,North Carolina,9,8,85,62,1
2021,Abilene Christian,Texas,14,3,53,52,1
2021,Alabama,Iona,2,15,68,55,1
2021,Colorado,Georgetown,5,12,96,73,1
2021,Creighton,UC Santa Barbara,5,12,63,62,1
2021,Florida St.,UNC Greensboro,4,13,64,54,1
2021,Gonzaga,Norfolk St.,1,16,98,55,1
2021,Iowa,Grand Canyon,2,15,86,74,1
2021,Kansas,Eastern Washington,3,14,93,84,1
2021,LSU,St. Bonaventure,8,9,76,61,1
2021,Maryland,Connecticut,10,7,63,54,1
2021,Michigan,Texas Southern,1,16,82,66,1
2021,Ohio,Virginia,13,4,62,58,1
2021,Oklahoma,Missouri,8,9,72,68,1
2021,UCLA,BYU,11,6,73,62,1
2021,USC,Drake,6,11,72,56,1
2021,Arkansas,Texas Tech,3,6,68,66,1
2021,Baylor,Wisconsin,1,9,76,63,1
2021,Houston,Rutgers,2,10,63,60,1
2021,Loyola Chicago,Illinois,8,1,71,58,1
2021,Oral Roberts,Florida,15,7,81,78,1
2021,Oregon St.,Oklahoma St.,12,4,80,70,1
2021,Syracuse,West Virginia,11,3,75,72,1
2021,Villanova,North Texas,5,13,84,61,1
2021,Alabama,Maryland,2,10,96,77,1
2021,Creighton,Ohio,5,13,72,58,1
2021,Florida St.,Colorado,4,5,71,53,1
2021,Gonzaga,Oklahoma,1,8,87,71,1
2021,Michigan,LSU,1,8,86,78,1
2021,Oregon,Iowa,7,2,95,80,1
2021,UCLA,Abilene Christian,11,14,67,47,1
2021,USC,Kansas,6,3,85,51,1
2021,Arkansas,Oral Roberts,3,15,72,70,1
2021,Baylor,Villanova,1,5,62,51,1
2021,Houston,Syracuse,2,11,62,46,1
2021,Oregon St.,Loyola Chicago,12,8,65,58,1
2021,Gonzaga,Creighton,1,5,83,65,1
2021,Michigan,Florida St.,1,4,76,58,1
2021,UCLA,Alabama,11,2,88,78,1
2021,USC,Oregon,6,7,82,68,1
2021,Baylor,Arkansas,1,3,81,72,1
2021,Houston,Oregon St.,2,12,67,61,1
2021,Gonzaga,USC,1,6,85,66,1
2021,UCLA,Michigan,11,1,51,49,1
2021,Baylor,Houston,1,2,78,59,1
2021,Gonzaga,UCLA,1,11,93,90,1
2021,Baylor,Gonzaga,1,1,86,70,1
2022,Indiana,Wyoming,12,12,66,58,1
2022,Texas Southern,Texas A&M Corpus Christi,16,16,76,67,1
2022,Notre Dame,Rutgers,11,11,89,87,1
2022,Wright St.,Bryant,16,16,93,82,1
2022,Arkansas,Vermont,4,13,75,71,1
2022,Baylor,Norfolk St.,1,16,85,49,1
2022,Creighton,San Diego St.,9,8,72,69,1
2022,Gonzaga,Georgia St.,1,16,93,72,1
2022,Kansas,Texas Southern,1,16,83,56,1
2022,Memphis,Boise St.,9,8,64,53,1
2022,Michigan,Colorado St.,11,6,75,63,1
2022,Murray St.,San Francisco,7,10,92,87,1
2022,New Mexico St.,Connecticut,12,5,70,63,1
2022,North Carolina,Marquette,8,9,95,63,1
2022,Providence,South Dakota St.,4,13,66,57,1
2022,Richmond,Iowa,12,5,67,63,1
2022,St. Mary's,Indiana,5,12,82,53,1
2022,St. Peter's,Kentucky,15,2,85,79,1
2022,Tennessee,Longwood,3,14,88,56,1
2022,UCLA,Akron,4,13,57,53,1
2022,Arizona,Wright St.,1,16,87,70,1
2022,Auburn,Jacksonville St.,2,15,80,61,1
2022,Duke,Cal St. Fullerton,2,15,78,61,1
2022,Houston,UAB,5,12,82,68,1
2022,Illinois,Chattanooga,4,13,54,53,1
2022,Iowa St.,LSU,11,6,59,54,1
2022,Miami FL,USC,10,7,68,66,1
2022,Michigan St.,Davidson,7,10,74,73,1
2022,Notre Dame,Alabama,11,6,78,64,1
2022,Ohio St.,Loyola Chicago,7,10,54,41,1
2022,Purdue,Yale,3,14,78,56,1
2022,TCU,Seton Hall,9,8,69,42,1
2022,Texas,Virginia Tech,6,11,81,73,1
2022,Texas Tech,Montana St.,3,14,97,62,1
2022,Villanova,Delaware,2,15,80,60,1
2022,Wisconsin,Colgate,3,14,67,60,1
2022,Arkansas,New Mexico St.,4,12,53,48,1
2022,Gonzaga,Memphis,1,9,82,78,1
2022,Kansas,Creighton,1,9,79,72,1
2022,Michigan,Tennessee,11,3,76,68,1
2022,North Carolina,Baylor,8,1,93,86,1
2022,Providence,Richmond,4,12,79,51,1
2022,St. Peter's,Murray St.,15,7,70,60,1
2022,UCLA,St. Mary's,4,5,72,56,1
2022,Arizona,TCU,1,9,85,80,1
2022,Duke,Michigan St.,2,7,85,76,1
2022,Houston,Illinois,5,4,68,53,1
2022,Iowa St.,Wisconsin,11,3,54,49,1
2022,Miami FL,Auburn,10,2,79,61,1
2022,Purdue,Texas,3,6,81,71,1
2022,Texas Tech,Notre Dame,3,11,59,53,1
2022,Villanova,Ohio St.,2,7,71,61,1
2022,Arkansas,Gonzaga,4,1,74,68,1
2022,Duke,Texas Tech,2,3,78,73,1
2022,Houston,Arizona,5,1,72,60,1
2022,Villanova,Michigan,2,11,63,55,1
2022,Kansas,Providence,1,4,66,61,1
2022,Miami FL,Iowa St.,10,11,70,56,1
2022,North Carolina,UCLA,8,4,73,66,1
2022,St. Peter's,Purdue,15,3,67,64,1
2022,Duke,Arkansas,2,4,78,69,1
2022,Villanova,Houston,2,5,50,44,1
2022,Kansas,Miami FL,1,10,76,50,1
2022,North Carolina,St. Peter's,8,15,69,49,1
2022,Kansas,Villanova,1,2,81,65,1
2022,North Carolina,Duke,8,2,81,77,1
2022,Kansas,North Carolina,1,8,72,69,1
2023,Pittsburgh,Mississippi St.,11,11,60,59,1
2023,Texas A&M Corpus Christi,Southeast Missouri St.,16,16,75,71,1
2023,Arizona St.,Nevada,11,11,98,73,1
2023,Fairleigh Dickinson,Texas Southern,16,16,84,61,1
2023,Alabama,Texas A&M Corpus Christi,1,16,96,75,1
2023,Arkansas,Illinois,8,9,73,63,1
2023,Auburn,Iowa,9,8,83,75,1
2023,Duke,Oral Roberts,5,12,74,51,1
2023,Furman,Virginia,13,4,68,67,1
2023,Houston,Northern Kentucky,1,16,63,52,1
2023,Kansas,Howard,1,16,96,68,1
2023,Maryland,West Virginia,8,9,67,65,1
2023,Missouri,Utah St.,7,10,76,65,1
2023,Northwestern,Boise St.,7,10,75,67,1
2023,Penn St.,Texas A&M,10,7,76,59,1
2023,Princeton,Arizona,15,2,59,55,1
2023,San Diego St.,College of Charleston,5,12,63,57,1
2023,Tennessee,Louisiana,4,13,58,55,1
2023,Texas,Colgate,2,15,81,61,1
2023,UCLA,UNC Asheville,2,15,86,53,1
2023,Baylor,UC Santa Barbara,3,14,74,56,1
2023,Connecticut,Iona,4,13,87,63,1
2023,Creighton,NC State,6,11,72,63,1
2023,Fairleigh Dickinson,Purdue,16,1,63,58,1
2023,Florida Atlantic,Memphis,9,8,66,65,1
2023,Gonzaga,Grand Canyon,3,14,82,70,1
2023,Indiana,Kent,4,13,71,60,1
2023,Kansas St.,Montana St.,3,14,77,65,1
2023,Kentucky,Providence,6,11,61,53,1
2023,Marquette,Vermont,2,15,78,61,1
2023,Miami FL,Drake,5,12,63,56,1
2023,Michigan St.,USC,7,10,72,62,1
2023,Pittsburgh,Iowa St.,11,6,59,41,1
2023,St. Mary's,VCU,5,12,63,51,1
2023,TCU,Arizona St.,6,11,72,70,1
2023,Xavier,Kennesaw St.,3,14,72,67,1
2023,Alabama,Maryland,1,8,73,51,1
2023,Arkansas,Kansas,8,1,72,71,1
2023,Houston,Auburn,1,9,81,64,1
2023,Princeton,Missouri,15,7,78,63,1
2023,San Diego St.,Furman,5,13,75,52,1
2023,Tennessee,Duke,4,5,65,52,1
2023,Texas,Penn St.,2,10,71,66,1
2023,UCLA,Northwestern,2,7,68,63,1
2023,Connecticut,St. Mary's,4,5,70,55,1
2023,Creighton,Baylor,6,3,85,76,1
2023,Florida Atlantic,Fairleigh Dickinson,9,16,78,70,1
2023,Gonzaga,TCU,3,6,84,81,1
2023,Kansas St.,Kentucky,3,6,75,69,1
2023,Miami FL,Indiana,5,4,85,69,1
2023,Michigan St.,Marquette,7,2,69,60,1
2023,Xavier,Pittsburgh,3,11,84,73,1
2023,Connecticut,Arkansas,4,8,88,65,1
2023,Florida Atlantic,Tennessee,9,4,62,55,1
2023,Gonzaga,UCLA,3,2,79,76,1
2023,Kansas St.,Michigan St.,3,7,98,93,1
2023,Creighton,Princeton,6,15,86,75,1
2023,Miami FL,Houston,5,1,89,75,1
2023,San Diego St.,Alabama,5,1,71,64,1
2023,Texas,Xavier,2,3,83,71,1
2023,Connecticut,Gonzaga,4,3,82,54,1
2023,Florida Atlantic,Kansas St.,9,3,79,76,1
2023,Miami FL,Texas,5,2,88,81,1
2023,San Diego St.,Creighton,5,6,57,56,1
2023,Connecticut,Miami FL,4,5,72,59,1
2023,San Diego St.,Florida Atlantic,5,9,72,71,1
2023,Connecticut,San Diego St.,4,5,76,59,1
2024,Colorado St.,Virginia,10,10,67,42,1
2024,Wagner,Howard,16,16,71,68,1
2024,Colorado,Boise St.,10,10,60,53,1
2024,Grambling St.,Montana St.,16,16,88,81,1
2024,Arizona,Long Beach St.,2,15,85,65,1
2024,Creighton,Akron,3,14,77,60,1
2024,Dayton,Nevada,7,10,63,60,1
2024,Duquesne,BYU,11,6,71,67,1
2024,Gonzaga,McNeese St.,5,12,86,65,1
2024,Illinois,Morehead St.,3,14,85,69,1
2024,Iowa St.,South Dakota St.,2,15,82,65,1
2024,Kansas,Samford,4,13,93,89,1
2024,Michigan St.,Mississippi St.,9,8,69,51,1
2024,NC State,Texas Tech,11,6,80,67,1
2024,North Carolina,Wagner,1,16,90,62,1
2024,Oakland,Kentucky,14,3,80,76,1
2024,Oregon,South Carolina,11,6,87,73,1
2024,Tennessee,St. Peter's,2,15,83,49,1
2024,Texas,Colorado St.,7,10,56,44,1
2024,Washington St.,Drake,7,10,66,61,1
2024,Alabama,College of Charleston,4,13,109,96,1
2024,Baylor,Colgate,3,14,92,67,1
2024,Clemson,New Mexico,6,11,77,56,1
2024,Colorado,Florida,10,7,102,100,1
2024,Connecticut,Stetson,1,16,91,52,1
2024,Duke,Vermont,4,13,64,47,1
2024,Grand Canyon,St. Mary's,12,5,75,66,1
2024,Houston,Longwood,1,16,86,46,1
2024,James Madison,Wisconsin,12,5,72,61,1
2024,Marquette,Western Kentucky,2,15,87,69,1
2024,Northwestern,Florida Atlantic,9,8,77,65,1
2024,Purdue,Grambling St.,1,16,78,50,1
2024,San Diego St.,UAB,5,12,69,65,1
2024,Texas A&M,Nebraska,9,8,98,83,1
2024,Utah St.,TCU,8,9,88,72,1
2024,Yale,Auburn,13,4,78,76,1
2024,Arizona,Dayton,2,7,78,68,1
2024,Creighton,Oregon,3,11,86,73,1
2024,Gonzaga,Kansas,5,4,89,68,1
2024,Illinois,Duquesne,3,11,89,63,1
2024,Iowa St.,Washington St.,2,7,67,56,1
2024,NC State,Oakland,11,14,79,73,1
2024,North Carolina,Michigan St.,1,9,85,69,1
2024,Tennessee,Texas,2,7,62,58,1
2024,Alabama,Grand Canyon,4,12,72,61,1
2024,Clemson,Baylor,6,3,72,64,1
2024,Connecticut,Northwestern,1,9,75,58,1
2024,Duke,James Madison,4,12,93,55,1
2024,Houston,Texas A&M,1,9,100,95,1
2024,Marquette,Colorado,2,10,81,77,1
2024,Purdue,Utah St.,1,8,106,67,1
2024,San Diego St.,Yale,5,13,85,57,1
2024,Alabama,North Carolina,4,1,89,87,1
2024,Clemson,Arizona,6,2,77,72,1
2024,Connecticut,San Diego St.,1,5,82,52,1
2024,Illinois,Iowa St.,3,2,72,69,1
2024,Duke,Houston,4,1,54,51,1
2024,NC State,Marquette,11,2,67,58,1
2024,Purdue,Gonzaga,1,5,80,68,1
2024,Tennessee,Creighton,2,3,82,75,1
2024,Alabama,Clemson,4,6,89,82,1
2024,Connecticut,Illinois,1,3,77,52,1
2024,NC State,Duke,11,4,76,64,1
2024,Purdue,Tennessee,1,2,72,66,1
2024,Connecticut,Alabama,1,4,86,72,1
2024,Purdue,NC State,1,11,63,50,1
2024,Connecticut,Purdue,1,1,75,60,1
2025,Alabama St.,St. Francis PA,16,16,70,68,1
2025,North Carolina,San Diego St.,11,11,95,68,1
2025,Mount St. Mary's,American,16,16,83,72,1
2025,Xavier,Texas,11,11,86,80,1
2025,Arkansas,Kansas,10,7,79,72,1
2025,Auburn,Alabama St.,1,16,83,63,1
2025,BYU,VCU,6,11,80,71,1
2025,Creighton,Louisville,9,8,89,75,1
2025,Drake,Missouri,11,6,67,57,1
2025,Gonzaga,Georgia,8,9,89,68,1
2025,Houston,SIUE,1,16,78,40,1
2025,McNeese St.,Clemson,12,5,69,67,1
2025,Michigan,UC San Diego,5,12,68,65,1
2025,Purdue,High Point,4,13,75,63,1
2025,St. John's,Nebraska Omaha,2,15,83,53,1
2025,Tennessee,Wofford,2,15,77,62,1
2025,Texas A&M,Yale,4,13,80,71,1
2025,Texas Tech,UNC Wilmington,3,14,82,72,1
2025,UCLA,Utah St.,7,10,72,47,1
2025,Wisconsin,Montana,3,14,85,66,1
2025,Alabama,Robert Morris,2,15,90,81,1
2025,Arizona,Akron,4,13,93,65,1
2025,Baylor,Mississippi St.,9,8,75,72,1
2025,Colorado St.,Memphis,12,5,78,70,1
2025,Connecticut,Oklahoma,8,9,67,59,1
2025,Duke,Mount St. Mary's,1,16,93,49,1
2025,Florida,Norfolk St.,1,16,95,69,1
2025,Illinois,Xavier,6,11,86,73,1
2025,Iowa St.,Lipscomb,3,14,82,55,1
2025,Kentucky,Troy,3,14,76,57,1
2025,Maryland,Grand Canyon,4,13,81,49,1
2025,Michigan St.,Bryant,2,15,87,62,1
2025,Mississippi,North Carolina,6,11,71,64,1
2025,New Mexico,Marquette,10,7,75,66,1
2025,Oregon,Liberty,5,12,81,52,1
2025,St. Mary's,Vanderbilt,7,10,59,56,1
2025,Arkansas,St. John's,10,2,75,66,1
2025,Auburn,Creighton,1,9,82,70,1
2025,BYU,Wisconsin,6,3,91,89,1
2025,Houston,Gonzaga,1,8,81,76,1
2025,Michigan,Texas A&M,5,4,91,79,1
2025,Purdue,McNeese St.,4,12,76,62,1
2025,Tennessee,UCLA,2,7,67,58,1
2025,Texas Tech,Drake,3,11,77,64,1
2025,Alabama,St. Mary's,2,7,80,66,1
2025,Arizona,Oregon,4,5,87,83,1
2025,Duke,Baylor,1,9,89,66,1
2025,Florida,Connecticut,1,8,77,75,1
2025,Kentucky,Illinois,3,6,84,75,1
2025,Maryland,Colorado St.,4,12,72,71,1
2025,Michigan St.,New Mexico,2,10,71,63,1
2025,Mississippi,Iowa St.,6,3,91,78,1
2025,Alabama,BYU,2,6,113,88,1
2025,Duke,Arizona,1,4,100,93,1
2025,Florida,Maryland,1,4,87,71,1
2025,Texas Tech,Arkansas,3,10,85,83,1
2025,Auburn,Michigan,1,5,78,65,1
2025,Houston,Purdue,1,4,62,60,1
2025,Michigan St.,Mississippi,2,6,73,70,1
2025,Tennessee,Kentucky,2,3,78,65,1
2025,Duke,Alabama,1,2,85,65,1
2025,Florida,Texas Tech,1,3,84,79,1
2025,Auburn,Michigan St.,1,2,70,64,1
2025,Houston,Tennessee,1,2,69,50,1
2025,Florida,Auburn,1,1,79,73,1
2025,Houston,Duke,1,1,70,67,1
2025,Florida,Houston,1,1,65,63,1
