Season,TeamName,Tempo,RankTempo,AdjTempo,RankAdjTempo,OE,RankOE,AdjOE,RankAdjOE,DE,RankDE,AdjDE,RankAdjDE,AdjEM,RankAdjEM
2026,Abilene Christian,68.5859,176,66.9733,197,99.236,332,102.181,302,106.306,127,107.448,130,-5.26775,228
2026,Air Force,67.3103,233,65.9718,253,92.4134,363,96.5754,348,118.807,354,116.147,307,-19.5714,346
2026,Akron,71.6963,35,70.6866,25,123.033,3,121.008,38,105.957,111,107.936,143,13.0719,61
2026,Alabama,74.7675,4,73.0985,3,122.181,8,129.533,3,110.177,228,102.943,60,26.5906,14
2026,Alabama A&M,67.3707,229,65.2286,288,105.152,248,103.849,269,109.494,205,116.382,309,-12.533,302
2026,Alabama St.,71.3165,47,69.3087,73,101.245,311,101.465,311,110.001,219,114.359,274,-12.8942,308
2026,Albany,65.7393,309,65.1762,293,105.28,244,103.841,270,112.856,289,118.217,329,-14.3755,320
2026,Alcorn St.,69.4885,126,67.0112,193,97.0051,344,98.8275,337,116.595,339,117.944,327,-19.1164,342
2026,American,66.9035,255,66.7076,217,107.753,192,105.251,251,108.179,173,111.706,223,-6.45447,240
2026,Appalachian St.,63.9194,355,62.8032,357,107.673,196,106.143,235,104.099,80,107.672,134,-1.52906,185
2026,Arizona,71.9717,29,70.065,40,120.319,18,126.818,8,94.9698,3,89.6871,3,37.1308,3
2026,Arizona St.,70.5134,81,68.72,106,110.528,126,117.367,60,110.768,245,104.913,90,12.4545,66
2026,Arkansas,72.6222,18,70.8133,23,122.749,5,127.968,5,108.836,187,102.488,49,25.4799,20
2026,Arkansas Pine Bluff,71.3875,43,68.7594,104,102.751,290,103.099,287,115.6,326,118.025,328,-14.9258,324
2026,Arkansas St.,72.6908,16,72.187,9,111.324,110,111.13,140,106.067,115,109.425,174,1.70527,143
2026,Army,67.2779,234,67.0033,194,103.802,277,101.199,314,115.791,329,119.37,343,-18.1715,336
2026,Auburn,69.3111,137,67.0916,187,119.064,30,125.648,12,114.398,316,106.919,123,18.7286,39
2026,Austin Peay,70.2907,88,69.5024,62,113.15,84,108.479,181,105.896,109,108.349,151,0.129816,165
2026,Ball St.,65.321,329,63.4568,346,99.0155,337,98.1055,343,108.888,191,110.687,202,-12.5815,303
2026,Baylor,69.958,102,67.7025,154,115.657,60,122.37,27,111.128,254,106.894,122,15.4762,51
2026,Bellarmine,66.3308,289,64.5746,321,118.201,39,116.384,76,124.376,364,125.768,365,-9.38347,275
2026,Belmont,70.1764,92,68.9041,98,119.065,29,121.218,36,103.367,64,106.777,119,14.4412,55
2026,Bethune Cookman,71.0756,52,69.1028,85,103.892,276,103.648,276,107.454,153,109.302,170,-5.65396,231
2026,Binghamton,65.1072,333,65.2056,291,100.464,319,97.7692,346,115.158,321,123.157,360,-25.3873,359
2026,Boise St.,66.5801,271,65.3677,279,112.772,90,116.845,68,106.401,130,103.464,69,13.3814,59
2026,Boston College,66.0305,301,65.3877,278,100.057,324,104.251,263,105.282,99,103.733,73,0.517822,161
2026,Boston University,63.7043,360,63.1713,352,114.527,72,111.799,128,113.575,300,119.653,344,-7.8542,259
2026,Bowling Green,70.2054,90,68.0905,130,109.182,166,107.258,211,102.509,51,105.995,105,1.2629,147
2026,Bradley,67.8974,211,67.0725,190,109.632,151,111.534,134,105.285,100,107.926,142,3.60859,129
2026,Brown,66.4765,279,66.304,230,99.3294,330,98.608,339,105.965,112,108.59,156,-9.98239,282
2026,Bryant,64.7103,341,64.3285,328,96.1572,351,96.4744,349,111.983,275,118.914,339,-22.4397,355
2026,Bucknell,67.1132,245,66.8348,207,99.2259,333,98.177,342,113.306,295,115.873,304,-17.6964,335
2026,Buffalo,67.6354,222,66.4835,224,114.248,74,112.889,111,111.947,274,115.484,296,-2.59478,196
2026,Butler,69.8068,111,68.2512,125,112.28,97,117.271,61,109.37,202,107.055,127,10.2164,82
2026,BYU,70.7838,64,69.8955,47,119.481,26,125.918,10,106.146,118,102.565,50,23.353,23
2026,Cal Baptist,67.1214,243,65.2084,290,106.069,227,107.854,195,100.097,34,103.401,66,4.45289,121
2026,Cal Poly,75.8839,1,73.6357,1,105.91,230,109.063,171,112.287,277,113.036,250,-3.97333,213
2026,Cal St. Bakersfield,72.0326,28,69.7328,54,99.3236,331,101.939,306,114.306,312,117.193,320,-15.254,326
2026,Cal St. Fullerton,75.1991,2,72.4926,6,107.523,199,110.527,153,110.797,246,111.334,216,-0.806714,172
2026,California,68.9323,154,67.5979,164,110.71,123,114.085,98,104.315,85,102.8,56,11.2855,73
2026,Campbell,69.9576,103,69.3487,71,107.035,207,110.552,151,113.192,292,112.97,248,-2.41797,194
2026,Canisius,64.2508,348,64.1492,333,96.3458,350,95.1133,356,110.633,242,114.473,277,-19.3593,345
2026,Central Arkansas,69.006,148,67.8197,145,112.82,88,110.347,158,107.93,164,109.355,173,0.992236,153
2026,Central Connecticut,65.3289,327,65.1,296,108.096,183,105.258,250,109.685,212,117.39,322,-12.1325,299
2026,Central Michigan,68.3606,189,66.9607,198,105.446,240,106.592,223,113.475,297,114.815,282,-8.2232,264
2026,Charleston,68.6821,171,67.7383,151,109.346,162,107.92,194,106.091,116,107.053,126,0.867363,156
2026,Charleston Southern,73.1878,12,71.4083,14,107.744,193,106.026,237,107.324,151,112.56,242,-6.53379,244
2026,Charlotte,64.2205,349,63.5242,344,112.253,99,113.196,104,112.679,287,114.94,284,-1.74337,189
2026,Chattanooga,67.7299,217,67.1183,185,108.971,170,104.746,255,114.852,319,116.628,312,-11.8818,298
2026,Chicago St.,65.9112,304,65.3994,276,98.2032,340,98.4052,340,115.074,320,118.476,333,-20.0712,348
2026,Cincinnati,69.4306,132,67.5732,165,105.167,247,111.61,131,97.9024,19,94.4359,13,17.1736,44
2026,Clemson,65.5883,320,64.0784,335,112.783,89,116.396,75,99.533,30,96.8943,18,19.502,35
2026,Cleveland St.,71.0375,55,69.3015,74,110.447,128,110.012,160,124.647,365,124.41,363,-14.398,321
2026,Coastal Carolina,68.3482,190,66.8818,202,102.631,293,102.198,301,104.067,79,107.792,139,-5.59455,230
2026,Colgate,66.9038,254,66.8452,206,109.554,153,107.521,202,111.212,256,114.619,280,-7.09786,253
2026,Colorado,70.1102,97,68.8042,102,112.209,101,117.694,58,111.578,264,106.256,111,11.4378,72
2026,Colorado St.,64.0415,353,62.463,361,118.483,36,120.332,50,112.125,276,110.827,206,9.50452,85
2026,Columbia,67.1187,244,66.4208,227,110.389,130,108.495,180,108.157,171,110.172,187,-1.67791,187
2026,Connecticut,66.3796,284,64.8296,312,117.488,42,123.381,21,97.1725,14,94.1144,11,29.2664,9
2026,Coppin St.,69.0069,147,68.0373,134,92.4889,362,92.4385,361,116.635,340,120.076,349,-27.6378,363
2026,Cornell,71.431,41,71.3491,18,118.329,37,118.743,55,116.572,338,118.8,338,-0.0567223,167
2026,Creighton,68.4734,182,67.2461,181,109.901,144,116.887,66,110.331,235,106.559,117,10.3276,81
2026,CSUN,75.1849,3,73.4621,2,106.917,209,108.863,174,107.039,143,108.717,160,0.146841,164
2026,Dartmouth,68.7943,162,69.2737,76,104.798,259,104.927,253,111.378,261,113.462,259,-8.53464,268
2026,Davidson,64.0434,352,63.2785,347,108.791,172,111.443,135,105.513,105,105.205,93,6.23754,106
2026,Dayton,68.7587,166,67.4859,173,109.545,155,111.801,127,101.122,43,100.756,38,11.0447,75
2026,Delaware,63.7452,358,62.7016,359,104.988,254,105.545,247,113.085,290,115.239,291,-9.6933,278
2026,Delaware St.,66.9263,253,66.1958,239,88.582,365,88.1537,365,108.824,186,115.747,300,-27.593,362
2026,Denver,69.4509,129,67.7812,148,116.744,50,116.881,67,120.955,360,121.864,356,-4.98267,224
2026,DePaul,67.7723,216,65.8501,258,105.433,241,108.781,175,103.275,63,101.721,43,7.06062,101
2026,Detroit Mercy,70.1528,94,68.9652,93,109.436,157,108.447,184,114.29,311,114.118,268,-5.67094,232
2026,Drake,68.1957,198,67.2828,180,108.837,171,110.419,156,111.811,272,113.532,260,-3.11311,200
2026,Drexel,65.3983,324,64.2111,332,103.51,279,103.05,288,102.92,55,107.634,132,-4.5838,222
2026,Duke,67.5125,227,65.3911,277,122.477,7,127.694,6,92.6648,1,88.0769,1,39.6167,1
2026,Duquesne,70.1552,93,69.2234,78,109.942,142,111.366,138,107.958,165,107.639,133,3.72638,126
2026,East Carolina,68.8206,160,68.3538,119,101.682,305,102.812,293,110.303,233,111.003,210,-8.19091,263
2026,East Tennessee St.,66.7754,259,66.0357,249,115.122,65,110.576,149,104.009,77,108.57,155,2.00663,140
2026,East Texas A&M,68.5513,178,68.066,132,98.1907,341,100.175,324,110.212,229,110.777,204,-10.6019,286
2026,Eastern Illinois,66.5427,273,65.6123,269,95.7299,352,95.8074,352,108.178,172,111.387,217,-15.5792,328
2026,Eastern Kentucky,68.7903,163,67.2424,182,111.223,111,109.314,166,118.372,350,119.906,347,-10.5922,285
2026,Eastern Michigan,68.3357,191,66.2216,236,102.133,301,102.325,300,107.737,158,108.399,153,-6.07364,236
2026,Eastern Washington,68.8953,156,67.5495,168,111.91,105,113.286,103,113.212,293,112.528,240,0.757714,158
2026,Elon,68.0393,206,66.7553,211,112.699,91,112.22,123,114.731,317,116.702,315,-4.48154,219
2026,Evansville,67.6938,218,67.0192,192,96.5261,349,101.666,309,115.323,322,114.503,278,-12.8364,306
2026,Fairfield,67.265,237,66.9193,200,110.03,140,108.213,188,108.069,168,115.468,293,-7.25476,255
2026,Fairleigh Dickinson,64.1332,351,63.668,342,101.506,307,101.238,313,112.509,280,118.688,337,-17.45,333
2026,FIU,71.741,32,71.7817,13,107.029,208,107.366,205,109.648,210,110.207,189,-2.84125,199
2026,Florida,72.6763,17,70.7016,24,119.927,20,125.721,11,98.2858,20,90.7363,4,34.9852,4
2026,Florida A&M,70.2177,89,67.9781,135,98.8286,338,97.9949,344,106.717,138,111.72,224,-13.7246,315
2026,Florida Atlantic,70.6141,78,69.4862,64,109.846,145,111.158,139,106.226,120,106.787,120,4.37036,122
2026,Florida Gulf Coast,69.4811,127,67.7443,150,109.819,147,105.9,241,113.218,294,114.173,271,-8.27245,265
2026,Florida St.,72.2091,24,70.375,33,110.677,124,116.507,72,107.57,156,104.795,88,11.7113,71
2026,Fordham,64.4685,344,64.0086,337,104.033,275,104.208,264,102.329,49,104.329,78,-0.121508,168
2026,Fresno St.,69.5027,125,67.9606,137,104.796,260,108.334,186,105.925,110,104.634,87,3.70002,127
2026,Furman,66.5973,269,65.7864,260,110.474,127,106.197,233,106.907,141,109.339,172,-3.14206,203
2026,Gardner Webb,71.0174,57,69.4484,66,93.6352,359,95.985,351,123.22,361,123.228,361,-27.2427,361
2026,George Mason,65.1433,332,63.6704,341,112.272,98,112.752,116,104.549,90,106.988,124,5.76373,108
2026,George Washington,70.2915,87,69.0755,86,117.239,44,119.546,54,106.275,126,108.695,158,10.8504,76
2026,Georgetown,67.2667,236,66.153,243,109.404,158,114.876,89,108.548,183,105.842,101,9.03385,89
2026,Georgia,73.2109,11,71.0348,22,120.642,16,124.849,16,106.18,119,104.341,79,20.5084,33
2026,Georgia Southern,71.7122,34,70.5883,27,109.03,167,107.827,196,111.079,252,116.287,308,-8.46061,266
2026,Georgia St.,68.7687,165,67.5557,167,99.1283,335,99.3971,333,108.869,189,111.807,228,-12.41,301
2026,Georgia Tech,71.6956,36,70.512,28,102.935,286,107.806,197,107.863,161,107.711,136,0.0942845,166
2026,Gonzaga,70.9699,59,69.0142,89,120.758,14,122.296,29,93.1159,2,94.0225,10,28.2736,12
2026,Grambling St.,69.6444,120,67.5046,171,99.5494,329,97.8901,345,103.567,72,109.242,168,-11.352,292
2026,Grand Canyon,68.8469,159,67.5421,169,108.182,181,110.526,154,99.4348,29,97.7203,20,12.8059,62
2026,Green Bay,64.8966,335,63.0476,354,113.692,81,112.784,113,116.112,331,115.473,295,-2.68946,197
2026,Hampton,65.7073,312,64.9375,305,101.359,309,102.165,303,107.47,155,111.198,215,-9.03259,273
2026,Harvard,63.8759,356,62.8294,355,108.335,175,107.178,213,104.199,82,106.311,113,0.866784,157
2026,Hawaii,72.152,25,69.4727,65,108.272,178,106.797,220,96.4716,9,101.243,41,5.55428,109
2026,High Point,70.7944,63,69.6711,57,121.97,9,118.448,56,100.871,38,109.893,184,8.55536,91
2026,Hofstra,65.9514,303,65.2018,292,112.947,87,114.198,96,103.458,67,105.938,104,8.26048,92
2026,Holy Cross,65.7086,311,65.2775,285,102.654,292,100.659,318,113.906,305,117.757,326,-17.0986,332
2026,Houston,64.8305,336,63.1996,351,119.062,31,125.141,14,95.7115,6,92.4653,7,32.6758,6
2026,Houston Christian,64.1397,350,63.8423,339,102.99,284,103.587,277,113.757,303,115.92,306,-12.3331,300
2026,Howard,69.1951,141,68.9444,96,106.811,210,102.73,295,97.6479,18,105.863,102,-3.13367,202
2026,Idaho,69.1986,140,67.6007,163,110.068,137,108.61,177,108.71,184,109.605,177,-0.994703,174
2026,Idaho St.,66.7097,264,64.9189,306,110.031,139,110.686,145,116.132,332,116.939,317,-6.25299,238
2026,Illinois,66.296,291,65.2451,287,126.026,1,132.247,1,103.524,69,99.141,32,33.1055,5
2026,Illinois Chicago,67.0224,249,66.1217,244,108.507,174,110.279,159,103.143,60,103.8,74,6.47874,105
2026,Illinois St.,67.9981,207,66.8263,208,110.086,136,110.73,144,100.948,40,103.459,68,7.27108,98
2026,Incarnate Word,65.5815,321,65.5495,271,107.346,200,108.478,182,114.362,315,116.951,318,-8.47299,267
2026,Indiana,67.1832,241,66.1025,245,116.193,57,120.889,40,106.551,135,102.998,62,17.8907,42
2026,Indiana St.,68.67,172,68.1229,129,102.824,289,105.99,238,108.256,174,110.274,192,-4.28407,218
2026,Iona,68.2917,193,68.4726,110,106.296,220,104.581,257,104.693,92,111.58,219,-6.99939,250
2026,Iowa,63.3388,363,62.7788,358,119.356,27,121.984,34,102.933,56,99.7087,34,22.2755,24
2026,Iowa St.,68.2297,196,66.5518,221,120.438,17,123.798,18,96.4936,10,93.5448,8,30.2534,8
2026,IU Indy,74.6807,5,72.8423,4,107.283,204,105.755,243,118.421,351,119.317,342,-13.5622,312
2026,Jackson St.,71.4144,42,69.5336,61,96.6397,348,99.7696,328,117.993,347,119,340,-19.2308,344
2026,Jacksonville,65.2265,330,63.0958,353,105.132,249,102.778,294,113.496,298,114.376,275,-11.5981,295
2026,Jacksonville St.,65.7151,310,65.0034,302,106.605,214,106.509,224,107.458,154,109.755,180,-3.24546,206
2026,James Madison,66.713,263,65.3246,281,110.239,132,109.09,170,110.034,221,113.146,252,-4.05568,215
2026,Kansas,67.8227,214,67.06,191,111.145,112,120.251,51,100.238,35,93.9313,9,26.3197,16
2026,Kansas City,71.49,40,69.7142,55,93.6066,360,92.4337,362,118.012,348,116.589,311,-24.1554,356
2026,Kansas St.,73.778,9,72.2548,7,107.643,197,112.854,112,110.14,224,105.925,103,6.9281,102
2026,Kennesaw St.,72.0868,27,71.1933,20,110.944,118,110.365,157,108.514,180,110.882,209,-0.516868,171
2026,Kent St.,72.2151,23,70.2167,35,111.942,104,111.407,137,110.175,227,110.842,208,0.564391,160
2026,Kentucky,69.4422,130,67.7861,147,117.047,46,121.069,37,104.677,91,99.0301,31,22.0386,25
2026,La Salle,66.0662,299,64.7136,315,99.1855,334,103.65,274,110.99,250,109.123,164,-5.47246,229
2026,Lafayette,66.8961,256,66.583,220,102.518,295,100.607,319,111.744,271,115.64,299,-15.0324,325
2026,Lamar,65.7681,307,65.263,286,104.372,267,104.367,261,106.239,121,109.248,169,-4.88132,223
2026,Le Moyne,69.1517,143,69.4071,68,105.03,253,102.083,304,106.271,125,113.176,253,-11.0932,288
2026,Lehigh,66.6885,267,66.7485,212,104.447,263,103.049,289,109.358,201,114.641,281,-11.5922,294
2026,Liberty,64.9622,334,64.046,336,116.809,49,117.672,59,109.349,200,112.347,236,5.32486,111
2026,Lindenwood,73.0478,13,72.2411,8,102.305,298,101.589,310,103.668,73,110.221,191,-8.63153,270
2026,Lipscomb,70.7426,68,69.4941,63,111.035,115,108.018,191,108.324,176,109.231,167,-1.21321,180
2026,Little Rock,67.2569,238,66.2704,232,102.891,288,103.827,272,110.405,236,116.443,310,-12.6161,304
2026,LIU,68.5543,177,68.0392,133,107.689,195,105.528,248,103.472,68,109.183,165,-3.65506,210
2026,Long Beach St.,70.6984,72,68.2074,128,102.405,297,105.8,242,111.151,255,112.783,246,-6.983,249
2026,Longwood,69.4613,128,68.3015,123,106.083,226,103.426,280,106.718,139,112.406,237,-8.98017,272
2026,Louisiana,63.7044,359,62.6013,360,98.7448,339,99.8421,327,109.676,211,113.263,255,-13.4212,311
2026,Louisiana Monroe,70.7375,69,70.1763,37,99.998,325,101.117,315,119.553,359,122.304,358,-21.1868,352
2026,Louisiana Tech,65.1949,331,64.3917,326,101.028,312,100.207,323,104.295,84,106.822,121,-6.61565,245
2026,Louisville,71.7284,33,70.4518,30,119.572,24,124.663,17,101.023,41,98.7515,28,25.9115,19
2026,Loyola Chicago,66.534,274,66.1962,238,100.49,318,102.685,296,115.611,327,115.604,297,-12.9195,309
2026,Loyola Marymount,68.317,192,66.9847,196,105.315,243,107.097,215,105.328,101,105.783,99,1.3142,146
2026,Loyola MD,68.2651,195,68.2283,127,105.884,231,103.716,273,112.547,282,118.387,331,-14.671,322
2026,LSU,68.7442,167,66.5014,223,116.223,56,120.129,52,110.913,247,106.478,116,13.6515,58
2026,Maine,64.8233,338,64.7123,316,95.1344,356,92.7342,360,106.14,117,112.534,241,-19.7995,347
2026,Manhattan,67.9082,210,67.5653,166,106.414,219,106.288,230,116.372,334,122.489,359,-16.2011,330
2026,Marist,66.4397,281,66.0476,248,104.148,271,100.248,321,95.7063,5,102.597,51,-2.3486,193
2026,Marquette,70.1418,95,68.7277,105,106.725,212,112.774,114,108.314,175,104.615,86,8.15948,94
2026,Marshall,70.6254,77,69.22,79,114.199,76,113.026,107,111.545,263,115.768,301,-2.74132,198
2026,Maryland,67.2266,239,66.2052,237,104.859,258,111.936,125,114.77,318,107.992,144,3.94376,125
2026,Maryland Eastern Shore,64.5922,342,62.8054,356,94.29,358,95.2042,355,108.823,185,114.328,273,-19.1243,343
2026,Massachusetts,71.0786,51,69.7846,50,109.394,159,108.602,178,108.148,170,111.785,225,-3.18266,205
2026,McNeese,66.7058,265,66.1854,241,115.345,64,114.967,87,100.423,36,102.834,59,12.1333,68
2026,Memphis,71.239,48,69.8715,49,104.076,274,106.983,218,104.77,93,102.317,47,4.66621,118
2026,Mercer,69.5348,123,68.9599,95,115.624,61,112.562,119,111.603,266,113.833,266,-1.27096,182
2026,Mercyhurst,64.4771,343,64.385,327,104.133,272,102.054,305,105.428,103,112.625,243,-10.5709,284
2026,Merrimack,63.9556,354,63.2207,348,107.109,206,107.68,201,104.241,83,108.608,157,-0.928044,173
2026,Miami FL,69.7737,113,67.952,139,118.283,38,120.635,43,100.687,37,100.067,35,20.5681,32
2026,Miami OH,71.3438,45,70.0399,41,119.994,19,116.561,70,103.234,62,107.076,128,9.48468,87
2026,Michigan,72.1233,26,71.4061,15,122.805,4,128.367,4,95.3884,4,88.9572,2,39.4097,2
2026,Michigan St.,66.6972,266,65.6188,267,116.37,54,121.374,35,98.5266,21,92.2673,6,29.1066,10
2026,Middle Tennessee,66.5308,276,65.4744,274,107.873,190,109.219,167,109.834,217,110.371,193,-1.1523,179
2026,Milwaukee,69.1354,144,67.3317,178,108.701,173,106.909,219,115.428,323,115.056,288,-8.14701,262
2026,Minnesota,63.3058,364,62.4115,362,110.894,120,115.769,82,106.771,140,103.08,63,12.6891,64
2026,Mississippi,67.8911,212,65.8739,257,109.728,148,115.16,85,110.137,223,104.572,84,10.5877,79
2026,Mississippi St.,71.0748,53,69.1969,81,107.951,187,113.022,108,111.325,259,105.192,92,7.83009,96
2026,Mississippi Valley St.,70.118,96,67.0809,188,89.8676,364,89.4957,364,119.499,358,120.946,353,-31.4499,365
2026,Missouri,68.5208,179,66.2221,235,116.555,52,120.541,45,108.898,192,104.168,77,16.3725,47
2026,Missouri St.,66.8383,257,65.7043,264,107.331,202,107.695,200,109.772,214,111.602,220,-3.9073,212
2026,Monmouth,67.3184,231,67.0797,189,104.928,256,105.672,244,104.351,86,107.603,131,-1.93044,190
2026,Montana,70.6971,74,69.0088,90,107.879,189,107.35,206,108.955,193,108.413,154,-1.06305,176
2026,Montana St.,67.5924,225,65.9087,254,110.95,117,110.653,147,107.91,162,107.747,138,2.90616,136
2026,Morehead St.,66.8232,258,65.3044,283,107.616,198,107.704,199,111.677,268,117.445,323,-9.74035,281
2026,Morgan St.,70.775,66,70.6462,26,100.351,320,100.207,322,114.325,313,121.525,355,-21.3182,353
2026,Mount St. Mary's,67.9528,208,67.6429,159,100.149,323,99.6807,329,105.517,106,110.823,205,-11.1425,289
2026,Murray St.,72.2221,22,71.2213,19,115.707,59,116.68,69,109.785,215,111.696,222,4.98447,115
2026,N.C. State,69.9632,101,69.0032,91,118.964,33,123.034,23,105.989,113,102.149,46,20.8851,31
2026,Navy,65.4108,323,65.0816,298,112.221,100,107.28,210,97.3798,16,104.37,81,2.91012,135
2026,Nebraska,67.7769,215,66.7447,215,115.468,62,120.407,49,96.1234,7,92.0794,5,28.3275,11
2026,Nebraska Omaha,68.8039,161,67.1088,186,108.221,179,107.026,217,113.524,299,114.992,285,-7.96651,261
2026,Nevada,66.4125,282,65.3192,282,112.995,85,116.533,71,106.438,132,104.577,85,11.956,70
2026,New Hampshire,67.4818,228,67.4939,172,95.5235,353,94.6068,358,110.249,230,115.122,290,-20.5154,349
2026,New Haven,63.529,362,63.2198,349,96.7611,347,96.2326,350,106.244,122,112.299,234,-16.0666,329
2026,New Mexico,70.6442,76,69.6661,58,113.835,79,117.118,63,100.008,33,100.357,36,16.7608,46
2026,New Mexico St.,67.1961,240,66.8626,203,109.928,143,110.533,152,109.597,208,111.797,226,-1.26382,181
2026,New Orleans,69.8336,109,69.5822,60,106.539,216,110.683,146,111.335,260,111.69,221,-1.00715,175
2026,Niagara,63.1807,365,61.8611,365,99.851,327,99.0347,336,112.836,288,117.644,325,-18.609,340
2026,Nicholls,68.741,168,68.3848,117,104.487,262,106.443,226,110.931,248,112.796,247,-6.35337,239
2026,NJIT,68.0957,202,67.655,157,99.0525,336,98.3503,341,108.471,179,113.713,264,-15.3622,327
2026,Norfolk St.,68.6175,174,67.6421,160,102.659,291,101.337,312,106.409,131,115.024,286,-13.6872,313
2026,North Alabama,65.6964,313,64.8586,309,102.959,285,100.026,326,118.193,349,119.031,341,-19.0045,341
2026,North Carolina,69.0216,146,67.6278,161,116.998,47,122.277,30,103.432,66,101.083,39,21.1936,28
2026,North Carolina A&T,68.9753,151,68.3925,116,106.756,211,106.331,228,112.387,278,115.619,298,-9.28757,274
2026,North Carolina Central,67.3125,232,65.7823,261,100.307,321,100.284,320,116.643,341,120.823,352,-20.5392,350
2026,North Dakota,69.6042,122,67.3248,179,106.585,215,107.409,204,115.457,324,118.67,336,-11.261,290
2026,North Dakota St.,68.1959,197,66.1918,240,115.017,67,112.656,117,104.062,78,108.118,146,4.53789,119
2026,North Florida,71.8439,30,70.1268,39,106.531,217,106.764,221,123.637,363,124.255,362,-17.4913,334
2026,North Texas,66.0924,297,64.8667,308,103.176,280,104.523,259,101.726,47,102.735,55,1.788,142
2026,Northeastern,69.7127,117,69.3809,70,105.761,235,106.271,232,115.652,328,117.288,321,-11.0166,287
2026,Northern Arizona,65.6523,316,63.6675,343,104.171,269,105.616,245,118.967,355,119.817,345,-14.2019,319
2026,Northern Colorado,69.7355,116,68.4042,115,113.261,83,111.734,129,110.167,226,110.487,197,1.24687,148
2026,Northern Illinois,68.6909,170,67.1732,184,96.8442,345,97.3406,347,112.517,281,113.801,265,-16.46,331
2026,Northern Iowa,63.653,361,62.0806,364,105.875,232,108.001,193,97.0567,12,98.5013,25,9.49938,86
2026,Northern Kentucky,70.7118,71,69.696,56,112.307,95,108.176,189,109.106,197,109.316,171,-1.13973,178
2026,Northwestern,66.3822,283,65.7409,263,110.322,131,116.432,74,108.997,196,104.344,80,12.0877,69
2026,Northwestern St.,65.3947,325,64.9101,307,102.038,302,103.512,279,111.686,269,112.974,249,-9.46237,276
2026,Notre Dame,66.532,275,65.4668,275,109.821,146,115.778,81,110.314,234,106.044,106,9.73353,83
2026,Oakland,71.0529,54,69.7581,52,114.623,71,115.438,84,116.463,336,115.029,287,0.409556,162
2026,Ohio,69.9531,104,68.3464,121,107.334,201,107.194,212,111.109,253,112.445,239,-5.25078,227
2026,Ohio St.,67.0708,246,66.2325,234,116.646,51,122.252,31,107.744,159,102.992,61,19.2597,38
2026,Oklahoma,68.7785,164,66.3428,229,119.905,21,123.343,22,112.618,285,107.827,141,15.5159,50
2026,Oklahoma St.,74.4046,6,71.9158,11,110.854,121,117.819,57,109.467,203,106.764,118,11.0545,74
2026,Old Dominion,70.3528,84,69.0717,87,106.135,224,105.924,239,110.256,231,112.412,238,-6.48815,243
2026,Oral Roberts,69.2865,138,67.5334,170,102.546,294,101.705,308,115.466,325,115.472,294,-13.767,316
2026,Oregon,66.5894,270,65.6979,265,106.209,222,111.808,126,110.631,241,104.501,83,7.30702,97
2026,Oregon St.,66.2911,292,64.9915,303,106.045,229,109.061,172,110.677,243,110.381,194,-1.32044,183
2026,Pacific,66.091,298,64.4494,325,108.154,182,110.556,150,105.48,104,105.278,97,5.27768,112
2026,Penn,69.154,142,69.1309,84,107.315,203,107.329,207,106.957,142,107.743,137,-0.414442,170
2026,Penn St.,67.6297,223,67.3804,177,110.84,122,115.704,83,117.065,343,112.153,232,3.55092,130
2026,Pepperdine,69.4367,131,68.4729,109,100.275,322,105.445,249,113.839,304,113.348,257,-7.90331,260
2026,Pittsburgh,64.817,339,63.7553,340,107.163,205,112.95,110,109.754,213,105.794,100,7.1562,99
2026,Portland,69.8068,110,68.2523,124,101.995,303,106.501,225,111.905,273,109.669,178,-3.16816,204
2026,Portland St.,68.6516,173,67.4743,175,105.4,242,103.331,281,102.477,50,102.611,52,0.719947,159
2026,Prairie View A&M,74.2026,7,72.1848,10,103.11,283,100.976,316,109.526,206,114.91,283,-13.934,318
2026,Presbyterian,65.7973,306,63.9032,338,104.167,270,103.022,290,109.175,198,112.632,244,-9.60977,277
2026,Princeton,64.4245,345,63.2081,350,104.974,255,106.131,236,111.057,251,113.063,251,-6.93201,246
2026,Providence,72.266,21,71.0396,21,116.821,48,122.948,24,113.179,291,110.22,190,12.7275,63
2026,Purdue,66.3399,288,65.1459,294,123.996,2,129.735,2,104.504,89,98.5365,26,31.1988,7
2026,Purdue Fort Wayne,69.4299,133,67.8539,142,107.715,194,106.144,234,114.338,314,113.698,263,-7.55408,257
2026,Queens,70.5643,79,69.4008,69,119.755,22,116.156,77,117.897,346,118.483,335,-2.32752,192
2026,Quinnipiac,69.7737,114,69.6215,59,105.548,237,103.989,267,102.994,57,108.017,145,-4.02843,214
2026,Radford,72.4774,20,70.4427,31,109.019,169,106.341,227,109.645,209,113.581,261,-7.23932,254
2026,Rhode Island,66.3275,290,65.8476,259,106.185,223,107.298,208,103.171,61,104.44,82,2.85803,137
2026,Rice,66.929,252,65.3482,280,105.857,233,108.46,183,114.057,308,114.565,279,-6.10491,237
2026,Richmond,68.9904,149,67.9671,136,111.548,108,111.572,133,108.12,169,109.703,179,1.86943,141
2026,Rider,65.6644,315,65.6059,270,95.399,354,95.5749,354,116.738,342,120.047,348,-24.4724,357
2026,Robert Morris,66.3588,287,64.5998,320,114.675,70,111.42,136,109.281,199,109.812,182,1.60728,144
2026,Rutgers,66.1139,296,65.7651,262,104.768,261,110.62,148,113.37,296,109.513,175,1.10732,151
2026,Sacramento St.,72.4973,19,71.7982,12,105.247,246,107.286,209,116.317,333,115.869,303,-8.5828,269
2026,Sacred Heart,68.5931,175,68.5802,108,108.071,184,107.071,216,112.613,284,118.482,334,-11.4115,293
2026,Saint Francis,69.9877,100,69.8755,48,99.7669,328,99.5246,330,117.868,345,121.962,357,-22.437,354
2026,Saint Joseph's,68.4537,183,67.9566,138,104.441,265,105.586,246,102.17,48,102.361,48,3.22491,132
2026,Saint Louis,72.733,15,71.3495,17,121.688,10,120.827,41,96.5161,11,99.1428,33,21.684,27
2026,Saint Mary's,66.5121,278,65.2199,289,117.261,43,120.508,47,97.5063,17,96.9333,19,23.5747,22
2026,Saint Peter's,65.6327,317,65.5144,273,105.827,234,103.539,278,104.813,95,110.621,200,-7.08231,252
2026,Sam Houston St.,70.7486,67,70.0317,42,114.69,68,115.045,86,107.237,149,108.255,150,6.79009,104
2026,Samford,68.4298,185,66.9942,195,112.289,96,109.571,165,110.756,244,113.194,254,-3.62384,209
2026,San Diego,69.317,136,68.4577,112,105.037,252,108.419,185,114.176,309,114.217,272,-5.79846,234
2026,San Diego St.,69.3363,135,68.7942,103,109.457,156,114.403,94,99.4162,28,96.6141,17,17.7891,43
2026,San Francisco,66.7437,261,65.6395,266,109.614,152,113.489,102,110.07,222,109.517,176,3.97147,124
2026,San Jose St.,65.6137,318,64.8371,311,106.09,225,110.889,143,119.431,357,116.651,313,-5.76158,233
2026,Santa Clara,70.4825,82,69.9469,44,118.734,34,122.767,25,103.55,71,103.288,65,19.4786,36
2026,Seattle,68.9889,150,67.793,146,101.887,304,103.294,283,99.2397,27,98.2825,24,5.0113,114
2026,Seton Hall,66.5754,272,65.3044,284,105.455,239,109.158,169,97.1634,13,94.1372,12,15.0205,52
2026,Siena,64.4019,346,64.5326,323,109.708,150,107.42,203,103.119,59,110.551,198,-3.13066,201
2026,SIUE,65.7553,308,64.309,330,102.518,296,99.4347,332,99.223,25,106.404,115,-6.9692,248
2026,SMU,71.1029,50,68.8149,101,119.53,25,124.915,15,109.527,207,106.199,108,18.716,40
2026,South Alabama,65.6787,314,64.6118,319,108.28,177,106.636,222,104.483,88,109.107,163,-2.47184,195
2026,South Carolina,68.3925,188,66.46,226,109.716,149,113.039,106,110.564,239,105.014,91,8.02448,95
2026,South Carolina St.,70.3038,86,68.2298,126,95.1774,355,95.0134,357,116.551,337,120.382,350,-25.3686,358
2026,South Dakota,71.6584,37,69.9393,45,107.76,191,104.685,256,112.671,286,114.404,276,-9.7196,280
2026,South Dakota St.,68.0411,205,66.8001,209,109.369,161,108.016,192,108.882,190,112.113,231,-4.09656,217
2026,South Florida,73.3265,10,71.3529,16,116.535,53,117.266,62,103.865,76,102.654,53,14.6119,54
2026,Southeast Missouri,70.1825,91,69.1318,83,105.051,251,103.208,286,103.004,58,108.365,152,-5.15698,226
2026,Southeastern Louisiana,65.3375,326,65.0963,297,98.1169,342,99.2984,334,108.542,182,110.571,199,-11.2729,291
2026,Southern,71.8312,31,70.204,36,104.408,266,104.063,265,111.633,267,114.136,269,-10.0725,283
2026,Southern Illinois,70.1001,98,69.2057,80,102.258,300,103.827,271,99.2314,26,98.8732,30,4.95426,117
2026,Southern Indiana,68.5142,180,67.4124,176,97.1488,343,95.645,353,107.731,157,114.171,270,-18.5263,339
2026,Southern Miss,69.534,124,68.651,107,104.241,268,104.039,266,106.257,124,109.193,166,-5.1537,225
2026,Southern Utah,70.8286,62,70.0299,43,100.979,314,105.906,240,113.584,301,113.289,256,-7.38281,256
2026,St. Bonaventure,67.6927,219,66.8886,201,112.581,93,114.663,91,111.535,262,113.45,258,1.21334,149
2026,St. John's,71.5441,38,69.7755,51,114.676,69,119.609,53,98.9912,24,94.7812,14,24.8278,21
2026,St. Thomas,70.0696,99,68.4456,113,117.635,41,114.449,93,105.247,97,108.239,148,6.2106,107
2026,Stanford,68.4,187,66.9255,199,110.432,129,116.072,78,106.038,114,103.418,67,12.6533,65
2026,Stephen F. Austin,66.5125,277,65.9866,251,113.83,80,113.182,105,98.9762,23,103.885,75,9.29691,88
2026,Stetson,68.1365,200,66.8477,204,104.897,257,104.537,258,117.718,344,118.31,330,-13.7733,317
2026,Stonehill,66.467,280,66.0893,247,94.6867,357,91.6888,363,103.736,74,109.974,185,-18.2848,337
2026,Stony Brook,66.3795,285,66.0319,250,104.444,264,105.214,252,106.606,136,109.783,181,-4.56862,221
2026,Syracuse,68.0949,203,67.6457,158,109.551,154,115.98,79,106.714,137,105.263,96,10.7167,77
2026,Tarleton St.,70.3459,85,69.2256,77,101.623,306,104.45,260,106.381,129,108.231,147,-3.78078,211
2026,TCU,69.9342,105,67.7535,149,110.189,134,113.582,101,101.085,42,97.9501,22,15.6318,49
2026,Temple,65.3227,328,64.7288,314,111.057,114,111.979,124,108.959,194,112.327,235,-0.347987,169
2026,Tennessee,67.5939,224,65.028,300,117.221,45,120.944,39,101.585,46,94.9567,15,25.9874,18
2026,Tennessee Martin,66.2749,293,64.3246,329,102.928,287,100.734,317,97.1902,15,104.807,89,-4.0732,216
2026,Tennessee St.,70.9458,60,70.3036,34,109.33,164,108.515,179,104.779,94,112.001,230,-3.48646,207
2026,Tennessee Tech,68.2839,194,66.7223,216,103.111,282,102.655,297,110.298,232,115.822,302,-13.1669,310
2026,Texas,68.141,199,66.1729,242,121.128,12,127.319,7,110.44,237,106.252,110,21.0679,29
2026,Texas A&M,72.9744,14,70.5039,29,119.059,32,120.429,48,107.177,148,101.148,40,19.2805,37
2026,Texas A&M Corpus Chris,67.0499,247,66.5068,222,101.369,308,103.65,275,103.855,75,105.21,94,-1.56039,186
2026,Texas Southern,70.8834,61,68.8152,100,103.754,278,103.255,284,111.241,258,115.096,289,-11.8412,297
2026,Texas St.,67.2731,235,65.9834,252,105.253,245,103.922,268,105.895,108,110.408,195,-6.48691,242
2026,Texas Tech,68.4532,184,66.5968,219,119.347,28,126.462,9,105.27,98,98.8066,29,27.6549,13
2026,The Citadel,64.8234,337,64.2448,331,101.004,313,98.7914,338,118.676,352,119.86,346,-21.0683,351
2026,Toledo,69.7042,118,68.0742,131,114.266,73,114.193,97,111.692,270,112.645,245,1.54804,145
2026,Towson,64.258,347,63.5182,345,103.118,281,104.273,262,104.195,81,105.369,98,-1.09649,177
2026,Troy,67.0154,250,64.8407,310,111.954,103,111.05,141,107.054,144,110.147,186,0.903162,155
2026,Tulane,67.8881,213,66.7474,214,105.753,236,108.048,190,108.394,178,110.198,188,-2.14995,191
2026,Tulsa,68.9546,152,67.9261,141,122.64,6,122.072,33,106.318,128,108.241,149,13.8305,57
2026,UAB,70.6972,73,68.9109,97,109.21,165,109.789,164,103.41,65,105.253,95,4.53639,120
2026,UC Davis,70.9847,58,68.3769,118,108.035,185,109.836,163,107.15,147,108.875,161,0.960542,154
2026,UC Irvine,70.5408,80,68.3508,120,102.262,299,103.249,285,96.2207,8,97.8227,21,5.426,110
2026,UC Riverside,71.028,56,68.4278,114,100.735,315,103.31,282,110.936,249,111.019,211,-7.70935,258
2026,UC San Diego,69.7884,112,67.4778,174,107.911,188,109.213,168,100.946,39,103.975,76,5.23863,113
2026,UC Santa Barbara,67.0079,251,64.1255,334,113.625,82,114.6,92,108.364,177,111.108,212,3.49166,131
2026,UCF,70.6946,75,68.9853,92,116.109,58,122.54,26,110.157,225,106.208,109,16.3316,48
2026,UCLA,66.0197,302,64.6782,318,116.295,55,122.248,32,107.441,152,103.701,71,18.547,41
2026,UMass Lowell,69.0875,145,69.068,88,104.107,273,102.649,298,112.571,283,117.458,324,-14.8091,323
2026,UMBC,66.3633,286,65.9068,255,110.563,125,106.289,229,102.706,52,110.834,207,-4.54513,220
2026,UNC Asheville,67.0318,248,64.5656,322,105.511,238,104.838,254,108.993,195,111.904,229,-7.06594,251
2026,UNC Greensboro,68.8619,157,67.703,153,110.088,135,107.789,198,118.7,353,120.433,351,-12.6448,305
2026,UNC Wilmington,66.0542,300,64.7407,313,114.206,75,112.971,109,101.399,45,106.079,107,6.89217,103
2026,UNLV,70.737,70,69.9351,46,111.009,116,114.897,88,111.595,265,110.636,201,4.26094,123
2026,USC,71.1161,49,70.3858,32,108.291,176,114.319,95,107.266,150,102.007,45,12.312,67
2026,USC Upstate,69.4014,134,67.7256,152,100.729,316,99.4707,331,107.849,160,111.139,213,-11.6687,296
2026,UT Arlington,66.7647,260,65.141,295,100.532,317,103.019,291,101.321,44,102.829,58,0.190148,163
2026,UT Rio Grande Valley,66.7397,262,66.3523,228,109.374,160,110.995,142,105.359,102,107.343,129,3.65272,128
2026,Utah,68.41,186,66.2824,231,108.182,180,113.92,100,113.665,302,108.95,162,4.96962,116
2026,Utah St.,68.1096,201,67.6562,156,120.824,13,123.394,20,102.831,54,101.573,42,21.8205,26
2026,Utah Tech,67.9128,209,65.9056,256,106.445,218,110.461,155,109.484,204,112.167,233,-1.70677,188
2026,Utah Valley,69.7518,115,68.9618,94,110.229,133,112.447,120,98.624,22,102.823,57,9.62461,84
2026,UTEP,65.6002,319,64.9883,304,99.9628,326,101.85,307,110.497,238,111.564,218,-9.714,279
2026,UTSA,69.6471,119,68.3138,122,96.7654,346,100.102,325,119.051,356,118.428,332,-18.3266,338
2026,Valparaiso,66.1969,295,65.0305,299,106.246,221,108.985,173,106.545,134,107.805,140,1.18046,150
2026,Vanderbilt,71.3407,46,69.158,82,121.343,11,125.264,13,104.435,87,98.6744,27,26.5891,15
2026,VCU,70.4349,83,69.348,72,118.642,35,120.52,46,103.535,70,103.546,70,16.974,45
2026,Vermont,64.7888,340,65.0133,301,110.921,119,107.149,214,106.468,133,113.627,262,-6.47838,241
2026,Villanova,66.2742,294,64.7035,317,115.41,63,120.589,44,105.19,96,100.423,37,20.1664,34
2026,Virginia,66.6395,268,65.6162,268,119.654,23,122.307,28,99.8968,31,96.0507,16,26.2559,17
2026,Virginia Tech,68.089,204,66.8462,205,112.951,86,117.085,64,107.097,146,103.231,64,13.8542,56
2026,VMI,67.5746,226,66.6242,218,101.277,310,99.2596,335,123.242,362,125.221,364,-25.961,360
2026,Wagner,65.4728,322,65.5463,272,105.097,250,102.983,292,110.03,220,116.683,314,-13.7001,314
2026,Wake Forest,69.8813,108,67.934,140,112.45,94,116.953,65,109.803,216,106.258,112,10.6948,78
2026,Washington,67.6628,221,66.748,213,111.742,107,116.493,73,107.08,145,101.8,44,14.6928,53
2026,Washington St.,68.9112,155,67.677,155,110.032,138,114.726,90,112.388,279,111.799,227,2.92751,134
2026,Weber St.,69.8854,107,68.461,111,112.601,92,112.35,121,111.213,257,113.835,267,-1.48528,184
2026,West Georgia,69.9008,106,68.8862,99,106.05,228,102.479,299,113.977,306,115.361,292,-12.8818,307
2026,West Virginia,63.8142,357,62.1649,363,107.986,186,111.588,132,99.949,32,98.2154,23,13.3725,60
2026,Western Carolina,68.9338,153,67.8298,144,111.376,109,109.899,161,114.051,307,115.902,305,-6.00299,235
2026,Western Illinois,67.319,230,66.4811,225,93.5522,361,92.8537,359,116.383,335,121.361,354,-28.5074,364
2026,Western Kentucky,70.7806,65,69.7475,53,109.34,163,108.744,176,105.604,107,106.332,114,2.41228,138
2026,Western Michigan,69.2019,139,67.6016,162,106.707,213,108.219,187,116.071,330,117.137,319,-8.91828,271
2026,Wichita St.,67.1346,242,66.1013,246,111.902,106,112.634,118,102.717,53,103.722,72,8.91155,90
2026,William & Mary,74.1333,8,72.8254,5,111.109,113,111.703,130,106.244,123,108.696,159,3.00628,133
2026,Winthrop,71.3605,44,69.4162,67,114.078,77,112.768,115,107.911,163,110.752,203,2.01539,139
2026,Wisconsin,69.6365,121,69.2932,75,117.804,40,123.701,19,107.998,166,102.719,54,20.982,30
2026,Wofford,68.5007,181,67.8351,143,113.997,78,109.886,162,114.183,310,116.849,316,-6.96352,247
2026,Wright St.,68.7147,169,66.7795,210,115.081,66,112.221,122,109.961,218,111.151,214,1.06979,152
2026,Wyoming,67.6732,220,66.2431,233,112.013,102,114.077,99,108.019,167,106.99,125,7.08699,100
2026,Xavier,71.5296,39,70.1376,38,109.028,168,115.86,80,110.565,240,107.695,135,8.16446,93
2026,Yale,65.8068,305,64.4698,324,120.652,15,120.817,42,108.515,181,110.461,196,10.3556,80
2026,Youngstown St.,68.8529,158,67.1942,183,109.992,141,106.282,231,108.837,188,109.889,183,-3.6072,208
