season,TeamName,Tempo,RankTempo,AdjTempo,RankAdjTempo,OE,RankOE,ORtg,RankORtg,DE,RankDE,DRtg,RankDRtg,NetRtg,RankNetRtg,seed
2001,Duke,77.2286,9,75.0153,9,118.877,2,124.098,2,91.2616,9,86.5298,2,37.5678,1,1
2001,Stanford,69.4388,169,66.6209,222,119.473,1,125.409,1,93.762,27,92.1783,22,33.231,2,1
2001,"Michigan St.",67.0658,247,65.2918,268,115.947,4,120.101,3,92.5277,18,89.173,8,30.9283,3,1
2001,Arizona,72.7256,67,71.0643,73,111.058,15,116.469,10,90.7581,5,86.5783,3,29.8902,4,2
2001,Illinois,70.6661,126,68.5154,155,107.802,38,115.464,12,92.0624,13,88.0356,4,27.4282,5,1
2001,Maryland,75.0119,25,72.057,51,113.065,8,117.431,7,95.7751,53,91.0978,15,26.3333,6,3
2001,Kentucky,72.5874,71,70.3902,92,109.188,26,116.905,9,96.1767,60,91.769,20,25.1357,7,2
2001,Florida,72.9534,62,70.7712,82,111.866,13,115.141,13,92.1739,14,90.8637,14,24.2775,8,3
2001,"Wake Forest",70.4972,133,67.5562,189,108.531,34,112.417,28,93.2251,24,88.5362,5,23.8805,9,7
2001,"North Carolina",74.8004,28,72.3051,46,107.572,41,114.169,16,96.7689,68,90.2976,11,23.871,10,2
2001,"Boston College",70.305,145,68.5354,153,114.03,5,117.542,5,94.3622,35,94.1297,41,23.4121,11,3
2001,Virginia,75.2601,22,71.329,64,112.797,9,117.511,6,97.5869,85,94.7561,46,22.7553,12,5
2001,Kansas,74.1174,44,72.898,31,108.94,27,114.403,14,94.5175,38,91.8136,21,22.5899,13,4
2001,Indiana,69.773,161,69.1179,129,100.634,169,106.223,85,91.2032,8,85.1362,1,21.0867,14,4
2001,"Iowa St.",70.1158,148,68.5303,154,110.478,18,114.3,15,94.2841,33,94.0101,39,20.2903,15,2
2001,Oklahoma,67.2674,242,64.7456,278,109.529,24,112.972,23,95.0047,42,93.8535,37,19.1183,16,4
2001,Mississippi,68.9646,189,66.6392,221,102.945,115,107.852,64,92.4259,16,88.9492,7,18.9024,17,3
2001,Temple,61.6798,311,60.046,313,112.169,10,117.975,4,102.896,205,99.1888,112,18.7866,18,11
2001,UCLA,75.3285,20,73.2723,22,106.527,60,113.27,21,99.9851,141,94.7634,47,18.5071,19,4
2001,Wisconsin,59.011,317,58.3966,318,100.035,186,107.565,65,95.263,46,89.3163,9,18.2483,20,6
2001,Tennessee,74.2704,40,72.6716,34,107.549,42,113.387,19,99.9721,140,95.3984,54,17.9883,21,8
2001,USC,71.7237,94,70.4578,90,107.012,50,111.746,29,98.6522,109,93.7797,36,17.9665,22,6
2001,Texas,70.2761,146,68.0289,170,100.046,184,106.571,79,91.1896,7,88.6629,6,17.9078,23,6
2001,California,69.3023,175,67.2696,202,106.531,59,112.692,26,97.8018,89,94.8721,49,17.8195,24,8
2001,Butler,62.9289,306,62.9005,298,109.799,20,111.709,30,95.115,43,94.0611,40,17.6478,25,10
2001,"Ohio St.",67.0854,245,66.3464,235,106.273,62,110.968,36,94.5462,39,93.4065,31,17.5611,26,5
2001,Arkansas,74.3192,36,71.3952,62,106.945,52,109.839,44,92.9369,23,92.602,25,17.2374,27,7
2001,Cincinnati,66.4444,265,64.7578,277,109.649,21,113.23,22,98.1747,97,96.0976,60,17.1324,28,5
2001,Creighton,68.1991,218,67.7704,180,106.958,51,108.619,59,92.0575,12,91.7553,19,16.8632,29,10
2001,"Georgia Tech",75.7726,17,72.3612,44,101.225,151,106.589,77,97.032,72,89.8913,10,16.6979,30,8
2001,Providence,71.6582,97,70.6588,86,104.345,95,107.553,66,92.6704,20,91.1996,16,16.3536,31,10
2001,Iowa,69.1768,181,68.8137,141,105.916,69,112.761,25,100.501,157,96.5592,66,16.2015,32,7
2001,Xavier,69.8702,157,69.5891,114,104.702,90,107.865,63,93.5085,26,91.6881,18,16.1769,33,11
2001,"Saint Joseph's",71.8521,89,70.8131,78,110.665,16,113.295,20,98.4152,104,97.2211,73,16.0738,34,9
2001,Charlotte,71.9519,88,70.7922,79,108.826,29,113.864,18,99.6625,133,98.3191,90,15.5448,35,9
2001,BYU,65.977,277,66.0401,243,107.63,39,109.436,46,94.1607,31,93.9034,38,15.5326,36,12
2001,"Utah St.",64.1538,296,63.2194,295,109.588,23,108.002,61,88.8538,2,92.6518,27,15.3504,37,12
2001,"Fresno St.",77.2218,10,75.7883,5,105.183,81,106.935,70,91.1278,6,91.6262,17,15.3086,38,9
2001,Alabama,71.5751,100,69.5947,113,106.15,64,109.165,50,95.2501,45,94.2399,42,14.9256,39,NULL
2001,"Penn St.",71.4462,105,71.7623,57,107.046,48,114.163,17,103.787,222,99.4609,117,14.7022,40,7
2001,"Notre Dame",72.142,83,70.7683,83,108.639,33,110.982,35,96.9229,71,96.296,62,14.6856,41,6
2001,Georgia,70.3081,144,67.6317,188,102.876,118,110.996,34,103.119,212,96.4504,63,14.5452,42,8
2001,Purdue,70.8909,119,70.16,98,103.972,101,109.077,52,96.8244,70,94.6744,44,14.4029,43,NULL
2001,Gonzaga,70.6934,125,69.4903,117,116.636,3,117.007,8,97.4851,80,102.832,173,14.1747,44,12
2001,"Mississippi St.",71.1986,113,69.111,130,105.036,87,110.366,41,99.588,128,96.5004,64,13.8654,45,NULL
2001,Georgetown,74.2604,42,72.2004,49,105.94,68,106.771,74,91.5343,11,92.917,28,13.8542,46,10
2001,"Southern Miss",67.3996,240,65.3914,265,103.332,108,105.999,90,93.2372,25,92.3133,23,13.6854,47,NULL
2001,"Oklahoma St.",70.1899,147,68.4174,160,100.034,187,104.36,120,90.4495,3,90.8206,13,13.5392,48,11
2001,Utah,65.3779,284,65.1241,270,106.795,55,110.861,38,99.8142,137,97.5657,79,13.2951,49,NULL
2001,Richmond,63.4323,302,62.5684,301,108.796,30,110.778,39,94.29,34,97.5171,78,13.2614,50,NULL
2001,Syracuse,68.8959,192,67.253,203,105.509,77,108.368,60,96.3928,63,95.497,55,12.8705,51,5
2001,Auburn,71.3846,109,68.4937,157,106.938,53,111.533,32,100.361,151,98.7046,100,12.8286,52,NULL
2001,"Western Kentucky",67.7618,232,67.2937,199,107.63,40,105.949,92,91.4201,10,93.2032,29,12.7455,53,14
2001,"Kent St.",64.1875,295,64.1481,287,108.683,31,108.776,56,95.8749,54,96.1478,61,12.6284,54,13
2001,Tulsa,68.7257,199,65.952,247,110.549,17,111.644,31,98.6535,110,99.0213,107,12.6224,55,NULL
2001,"South Florida",72.8155,66,71.3235,65,101.448,145,104.895,111,94.4827,36,92.5388,24,12.3558,56,NULL
2001,Pepperdine,70.5709,132,69.4764,118,107.052,46,108.87,54,94.9106,41,96.5802,67,12.2898,57,NULL
2001,Wyoming,71.8159,92,73.1315,25,105.872,70,108.783,55,97.3427,77,96.5185,65,12.2642,58,NULL
2001,Missouri,70.6997,124,68.7011,146,103.239,110,109.241,49,100.388,153,97.0248,72,12.2158,59,9
2001,Connecticut,69.3738,173,66.8354,217,105.627,74,109.155,51,98.7349,114,97.2708,74,11.8841,60,NULL
2001,"South Carolina",68.0489,221,65.4051,263,99.9615,188,105.641,100,98.3257,100,93.7602,35,11.8806,61,NULL
2001,Dayton,66.2359,271,64.9439,274,108.838,28,112.786,24,103.767,221,101.191,142,11.5947,62,NULL
2001,Memphis,71.419,107,70.988,75,102.354,129,105.731,98,95.7149,52,94.2511,43,11.4797,63,NULL
2001,Colorado,75.0005,26,73.6976,17,105.994,66,109.259,48,99.4273,124,97.9114,83,11.3474,64,NULL
2001,"Arizona St.",72.2833,79,71.2475,68,100.821,163,104.783,114,97.6634,87,93.6656,34,11.117,65,NULL
2001,Massachusetts,68.691,201,68.0019,171,98.9461,203,103.733,131,98.7201,112,92.6485,26,11.0841,66,NULL
2001,Hofstra,70.4263,138,68.2637,162,104.211,96,101.433,177,88.1424,1,90.7535,12,10.6791,67,13
2001,TCU,79.8725,2,77.7798,2,113.855,6,115.951,11,102.436,194,105.287,214,10.6641,68,NULL
2001,"Saint Louis",68.7595,198,67.8889,176,101.178,154,103.751,130,95.4127,49,93.28,30,10.4711,69,NULL
2001,Detroit,63.2877,303,63.3708,293,110.165,19,111.453,33,101.415,172,101.008,136,10.4453,70,NULL
2001,Villanova,71.4079,108,70.2708,95,106.193,63,109.507,45,102.943,207,99.1952,113,10.3117,71,NULL
2001,"Indiana St.",66.6657,259,67.3778,196,108.286,35,110.164,43,100.426,155,100.412,131,9.75204,72,13
2001,Oregon,73.702,49,72.1721,50,104.36,93,108.743,58,103.017,208,99.0137,106,9.72914,73,NULL
2001,"Miami FL",69.4047,172,67.1977,206,100.926,160,104.884,112,96.7009,67,95.1581,51,9.72599,74,NULL
2001,"St. Bonaventure",68.506,210,66.7364,219,107.255,44,109.429,47,102.203,188,99.9706,124,9.45791,75,NULL
2001,"St. John's",71.4325,106,69.0028,133,100.566,171,105.193,106,99.4505,125,95.7545,57,9.43846,76,NULL
2001,"George Washington",72.6678,69,71.3044,66,105.136,84,107.89,62,102.547,198,98.5299,96,9.36001,77,NULL
2001,UTEP,74.5632,32,72.2691,48,105.943,67,107.545,67,98.4442,106,98.2893,88,9.25574,78,NULL
2001,LSU,69.9195,154,67.7158,185,101.058,157,104.474,119,97.3048,74,95.2444,53,9.22928,79,NULL
2001,"Georgia St.",71.9533,87,71.2505,67,112.081,12,110.314,42,97.6874,88,101.132,140,9.18199,80,11
2001,Nebraska,67.4799,238,65.9739,246,103.251,109,108.763,57,102.468,195,99.6553,121,9.10812,81,NULL
2001,Toledo,68.5878,206,68.5543,152,104.149,99,103.693,134,95.1384,44,94.7157,45,8.97756,82,NULL
2001,"Cal St. Northridge",74.1183,43,72.3423,45,111.455,14,110.923,37,102.347,191,101.986,158,8.93691,83,13
2001,Baylor,68.4226,211,66.7962,218,101.179,153,103.706,133,93.8521,28,94.831,48,8.87503,84,NULL
2001,Vanderbilt,70.0746,150,68.2219,165,100.751,164,105.788,97,101.223,167,96.9307,71,8.85739,85,NULL
2001,Minnesota,69.6695,164,69.1296,127,101.634,142,106.734,75,101.443,174,97.9596,84,8.77421,86,NULL
2001,"New Mexico",65.9825,276,66.4859,229,101.376,147,104.344,121,98.8135,117,95.8053,58,8.53881,87,NULL
2001,Pittsburgh,67.1709,244,65.2154,269,100.041,185,103.392,143,95.9423,56,95.1813,52,8.21095,88,NULL
2001,"George Mason",68.1991,217,68.4282,159,102.065,135,104.101,126,94.0174,30,96.0561,59,8.04444,89,14
2001,UAB,71.3828,110,69.4755,119,100.551,172,102.577,155,96.6395,64,94.8984,50,7.67852,90,NULL
2001,SMU,70.4896,134,67.9072,175,107.509,43,108.967,53,101.73,181,101.517,146,7.44963,91,NULL
2001,"Illinois St.",70.3733,142,70.0484,100,105.476,78,106.296,84,97.3204,75,98.9715,105,7.32495,92,NULL
2001,"Colorado St.",63.8582,300,63.1824,296,104.196,97,106.178,86,99.5584,126,98.8675,103,7.31031,93,NULL
2001,Marquette,62.996,304,61.7526,305,102.484,125,106.78,73,101.718,180,99.5792,119,7.20082,94,NULL
2001,Marshall,68.7209,200,69.4091,122,107.019,49,107.203,69,100.354,150,100.072,125,7.13062,95,NULL
2001,Valparaiso,66.0726,275,65.5923,256,105.797,71,104.805,113,95.9634,57,97.7399,80,7.06459,96,NULL
2001,Hawaii,70.4057,139,67.8793,177,102.636,123,106.449,83,102.664,201,99.4574,116,6.99157,97,12
2001,"Southern Utah",66.6009,263,65.9008,251,108.679,32,106.458,82,98.2457,98,99.5718,118,6.88624,98,14
2001,"Seton Hall",74.3187,37,72.2832,47,99.2418,196,102.445,156,98.8014,116,95.6383,56,6.80629,99,NULL
2001,Ohio,70.0221,152,70.6409,88,105.183,82,105.828,96,100.873,160,99.228,114,6.60016,100,NULL
2001,"San Diego",67.9357,226,66.5181,226,102.159,133,102.857,150,95.9981,58,96.7213,70,6.13565,101,NULL
2001,"Wisconsin Milwaukee",64.6527,291,64.6479,279,100.936,159,104.639,116,99.582,127,98.6306,99,6.00792,102,NULL
2001,"UNC Wilmington",62.4608,309,62.1832,303,97.8818,220,99.4099,203,92.5602,19,93.4354,33,5.97444,103,NULL
2001,Delaware,69.8274,159,68.4098,161,106.702,56,104.126,122,95.2648,47,98.3134,89,5.81219,104,NULL
2001,"Miami OH",58.6774,318,58.3845,319,102.236,130,103.642,138,98.6905,111,97.8796,81,5.76222,105,NULL
2001,Bradley,64.5439,293,64.0815,290,101.084,156,102.793,153,97.5182,82,97.3049,75,5.4879,106,NULL
2001,Rutgers,64.219,294,62.8738,299,102.071,134,106.555,80,102.33,190,101.073,138,5.48135,107,NULL
2001,"College of Charleston",62.7706,307,60.6723,311,105.166,83,104.524,118,95.5629,50,99.138,110,5.38615,108,NULL
2001,UNLV,72.8828,63,72.9412,30,100.725,165,104.701,115,101.458,175,99.892,122,4.80928,109,NULL
2001,"West Virginia",71.7123,96,70.2475,96,103.123,113,105.952,91,101.663,178,101.26,144,4.69196,110,NULL
2001,"Santa Clara",70.4314,136,69.2617,126,98.353,213,101.195,181,98.0698,94,96.6164,69,4.579,111,NULL
2001,"Eastern Illinois",73.6124,51,71.8547,54,112.122,11,110.402,40,105.927,262,106.049,230,4.35337,112,15
2001,"Kansas St.",68.6535,203,66.3953,232,91.6816,296,97.3969,232,98.1396,96,93.4118,32,3.98509,113,NULL
2001,"South Alabama",66.709,256,65.5605,258,101.232,149,102.811,152,96.793,69,98.856,102,3.95535,114,NULL
2001,"Austin Peay",67.8418,228,65.4662,262,113.732,7,112.454,27,109.041,297,108.614,272,3.83979,115,NULL
2001,"Cleveland St.",66.6448,261,66.9118,215,101.495,144,103.207,146,100.407,154,99.4315,115,3.77521,116,NULL
2001,"Ball St.",64.9982,289,65.9181,249,105.135,85,105.27,105,101.345,170,101.615,147,3.65488,117,NULL
2001,"McNeese St.",77.4583,7,75.6154,7,106.65,57,106.018,89,96.1875,61,102.629,169,3.38983,118,NULL
2001,"Bowling Green",69.7617,162,70.369,94,105.01,88,106.098,88,103.816,224,102.728,171,3.36985,119,NULL
2001,DePaul,69.1987,180,67.9924,172,102.697,122,106.576,78,107.074,274,103.343,185,3.23359,120,NULL
2001,"Florida St.",69.096,186,65.5249,261,99.0246,201,105.9,94,109.463,299,102.913,177,2.98707,121,NULL
2001,"La Salle",67.9081,227,66.3921,233,100.058,183,103.724,132,104.354,237,100.869,134,2.85478,122,NULL
2001,"San Jose St.",63.9039,298,61.449,307,98.5639,209,101.683,175,100.198,145,98.8441,101,2.83933,123,NULL
2001,Clemson,74.3043,38,71.7301,58,100.178,181,105.577,102,106.176,264,102.861,174,2.71559,124,NULL
2001,"Tennessee Tech",70.4601,135,68.251,164,108.202,36,106.82,72,104.384,239,104.121,197,2.69849,125,NULL
2001,"Southern Illinois",69.8526,158,69.432,121,102.387,126,104.997,109,102.716,202,102.372,165,2.62498,126,NULL
2001,"UC Irvine",68.2516,215,67.0266,214,100.198,180,99.2131,207,92.7139,21,96.6073,68,2.60579,127,NULL
2001,Siena,73.0464,60,70.7824,81,105.071,86,103.434,142,99.5915,129,101.046,137,2.38813,128,NULL
2001,"Washington St.",68.0235,223,66.1921,239,97.7188,222,101.92,170,103.071,209,99.6536,120,2.26675,129,NULL
2001,"Holy Cross",66.8024,254,63.4726,292,100.874,162,100.116,192,92.4968,17,97.8997,82,2.21637,130,15
2001,"San Diego St.",68.3643,212,66.6507,220,98.1426,216,100.632,186,98.6431,108,98.5038,95,2.12861,131,NULL
2001,"Oregon St.",60.9703,315,58.6648,317,98.9777,202,105.122,107,106.131,263,103.101,181,2.02184,132,NULL
2001,"Wright St.",68.2165,216,68.6651,147,102.201,132,102.043,166,98.9436,118,100.101,126,1.94214,133,NULL
2001,Northwestern,62.9775,305,61.7295,306,95.3697,252,99.2358,206,102.115,186,97.4023,77,1.83341,134,NULL
2001,"New Mexico St.",69.5076,166,67.1468,207,103.238,111,103.863,128,98.4113,103,102.034,159,1.82844,135,NULL
2001,"Louisiana Lafayette",73.4679,53,72.6367,37,102.375,127,103.684,135,100.879,161,101.861,153,1.8227,136,NULL
2001,"Eastern Washington",68.6806,202,67.7101,186,101.323,148,100.15,190,99.8066,136,98.4076,93,1.74235,137,NULL
2001,"Central Michigan",66.2573,269,66.4821,230,104.882,89,105.378,103,103.422,217,103.914,194,1.46391,138,NULL
2001,Pacific,66.6422,262,65.937,248,99.2212,197,99.9979,196,96.6427,65,98.5387,97,1.45916,139,NULL
2001,VCU,69.4979,167,68.9589,135,101.401,146,103.838,129,100.52,158,102.386,166,1.4519,140,NULL
2001,"Old Dominion",68.029,222,68.1386,169,96.1752,237,99.3413,204,97.5338,83,97.9948,85,1.34647,141,NULL
2001,"Arkansas Little Rock",67.7923,230,67.7204,184,101.779,140,101.429,178,96.1344,59,100.117,127,1.31208,142,NULL
2001,Louisville,69.1093,184,67.2831,200,99.2088,200,104.113,124,107.469,277,102.876,175,1.23713,143,NULL
2001,Manhattan,70.0629,151,67.7594,181,102.556,124,102.298,160,98.0509,92,101.125,139,1.17232,144,NULL
2001,Michigan,70.6339,128,68.9082,137,99.8358,190,107.293,68,110.802,312,106.196,233,1.09694,145,NULL
2001,"Illinois Chicago",68.151,219,67.7246,183,97.4309,225,101.22,180,102.416,193,100.252,129,0.967834,146,NULL
2001,Iona,74.2698,41,72.8067,33,103.113,114,101.958,169,97.0359,73,101.004,135,0.954416,147,14
2001,"Southwest Missouri St.",63.903,299,63.5802,291,99.9011,189,102.916,149,102.385,192,101.981,157,0.934494,148,NULL
2001,Rice,65.1482,288,62.621,300,96.1737,238,98.1174,219,98.3461,101,97.3459,76,0.771561,149,NULL
2001,Chattanooga,67.2638,243,66.1298,240,105.662,73,105.03,108,102.264,189,104.312,200,0.717255,150,NULL
2001,"Murray St.",73.4897,52,71.4673,61,106.547,58,105.914,93,107.046,273,105.46,221,0.454372,151,NULL
2001,Drake,65.9335,278,65.7813,253,105.325,80,105.863,95,104.202,231,105.448,220,0.415262,152,NULL
2001,"North Carolina St.",0,321,68.4537,158,0,321,102.067,165,200,321,101.686,151,0.38131,153,NULL
2001,"Louisiana Tech",65.7544,280,64.4659,281,100.688,167,100.021,194,97.4501,79,99.943,123,0.078308,154,NULL
2001,Fordham,75.0535,24,74.0905,12,98.855,204,102.009,167,104.986,252,101.94,155,0.0696324,155,NULL
2001,Hampton,70.9067,118,70.0956,99,109.618,22,106.158,87,98.0576,93,106.114,232,0.0437103,156,15
2001,"Boise St.",69.9118,156,68.8165,140,100.239,178,101.665,176,101.431,173,101.658,149,0.00746589,157,NULL
2001,Navy,75.7053,18,74.7454,11,98.4755,212,98.1935,218,93.8527,29,98.2875,87,-0.0940548,158,NULL
2001,Princeton,56.7977,320,56.0627,321,101.231,150,101.763,173,100.94,162,102.177,162,-0.414098,159,15
2001,UMKC,62.2075,310,60.8093,309,101.636,141,99.9996,195,97.5562,84,100.497,133,-0.496951,160,NULL
2001,Winthrop,64.852,290,62.5648,302,99.5826,192,97.8645,224,92.8228,22,98.4853,94,-0.620731,161,16
2001,Canisius,71.3162,111,69.6719,109,107.143,45,105.605,101,103.67,218,106.255,236,-0.650689,162,NULL
2001,"East Tennessee St.",70.6037,130,68.5861,150,98.6269,208,97.5858,229,94.2371,32,98.321,91,-0.735214,163,NULL
2001,Nevada,72.4917,73,70.7894,80,95.3617,253,97.5042,230,99.9176,138,98.3218,92,-0.817592,164,NULL
2001,"Southeast Missouri St.",68.2994,214,65.8077,252,104.627,92,101.307,179,100.175,144,102.185,163,-0.878333,165,NULL
2001,Marist,69.5129,165,67.5294,191,100.382,176,98.1103,220,97.3333,76,99.1359,109,-1.02561,166,NULL
2001,"Weber St.",71.5046,103,70.8193,77,107.893,37,106.66,76,106.766,268,107.854,262,-1.19388,167,NULL
2001,Monmouth,69.7812,160,67.2067,205,101.897,136,97.3611,234,92.2359,15,98.5732,98,-1.21212,168,16
2001,Samford,61.4169,314,59.9192,315,103.34,107,101.111,182,99.7247,134,102.457,167,-1.34616,169,NULL
2001,Drexel,71.5936,98,69.7092,107,104.353,94,103.683,136,102.196,187,105.076,210,-1.39327,170,NULL
2001,"Montana St.",69.9912,153,67.9411,173,105.567,76,103.635,139,102.938,206,105.094,212,-1.45901,171,NULL
2001,"Long Beach St.",72.3009,77,71.9602,53,101.796,139,102.43,157,102.544,197,104.004,195,-1.57365,172,NULL
2001,"Texas Tech",72.6754,68,70.7498,84,93.5226,275,97.3195,236,101.072,164,98.9298,104,-1.61025,173,NULL
2001,Evansville,66.692,258,66.3417,236,100.317,177,103.227,145,105.315,256,104.918,208,-1.691,174,NULL
2001,"New Orleans",66.1039,274,64.3118,284,101.122,155,99.9456,198,98.3799,102,101.676,150,-1.73012,175,NULL
2001,"Troy St.",69.3196,174,67.7716,179,107.047,47,105.671,99,105.447,257,107.486,258,-1.81496,176,NULL
2001,Maine,72.1086,84,69.9139,103,106.379,61,105.298,104,103.992,227,107.253,253,-1.95459,177,NULL
2001,"Northern Arizona",66.2802,268,64.2414,285,106.076,65,103.659,137,104.604,244,105.698,225,-2.03846,178,NULL
2001,"Youngstown St.",66.6536,260,66.5711,224,102.362,128,101.748,174,101.174,166,103.808,193,-2.06074,179,NULL
2001,Penn,65.7812,279,65.5546,259,100.574,170,100.333,188,100.224,146,102.541,168,-2.20871,180,NULL
2001,Wofford,67.0698,246,66.206,238,100.175,182,102.926,148,104.408,240,105.394,218,-2.4685,181,NULL
2001,"Wichita St.",65.6169,281,64.8537,276,96.6416,232,98.7674,211,101.477,176,101.347,145,-2.57931,182,NULL
2001,"East Carolina",70.3862,141,69.9354,102,100.525,173,102.259,162,101.988,183,105.059,209,-2.79957,183,NULL
2001,"Texas A&M",70.8853,121,69.2618,125,97.576,223,102.269,161,106.96,270,105.216,213,-2.94662,184,NULL
2001,"UNC Greensboro",70.8543,122,69.053,132,103.807,103,102.724,154,100.989,163,105.697,224,-2.97309,185,16
2001,Washington,73.7473,47,72.4419,42,90.6363,304,96.1822,249,104.413,241,99.1567,111,-2.97446,186,NULL
2001,"Idaho St.",68.893,193,67.4291,195,105.423,79,104.03,127,106.426,267,107.014,249,-2.98472,187,NULL
2001,"Arkansas St.",69.9164,155,68.9115,136,103.382,106,104.114,123,104.205,232,107.151,251,-3.03736,188,NULL
2001,Houston,68.5483,209,67.294,198,95.3487,255,100.337,187,104.606,245,103.557,188,-3.2199,189,NULL
2001,Niagara,71.7903,93,69.6288,111,102.763,120,102.392,158,104.371,238,106.274,238,-3.88284,190,NULL
2001,Jacksonville,66.8305,251,66.0184,245,101.633,143,98.0843,222,97.9142,90,102.036,160,-3.9517,191,NULL
2001,Rider,69.0098,187,67.1239,208,103.54,105,102.334,159,103.076,210,106.321,240,-3.98771,192,NULL
2001,"UC Santa Barbara",69.4245,170,68.2175,166,97.7686,221,99.285,205,100.693,159,103.284,184,-3.99886,193,NULL
2001,Stetson,68.8863,195,68.7653,143,105.673,72,101.996,168,102.786,203,106.056,231,-4.05925,194,NULL
2001,"Boston University",66.2448,270,63.257,294,102.878,117,102.208,163,102.061,185,106.291,239,-4.08302,195,NULL
2001,"Wisconsin Green Bay",60.2706,316,61.0823,308,96.0745,241,98.0839,223,104.225,233,102.2,164,-4.11651,196,NULL
2001,"Georgia Southern",73.8121,46,73.8139,15,101.883,138,101.803,172,103.289,215,105.924,229,-4.1217,197,NULL
2001,Akron,66.3672,266,66.0571,241,101.89,137,104.107,125,108.982,296,108.389,269,-4.28147,198,NULL
2001,Duquesne,71.8192,91,70.3881,93,98.4757,211,102.106,164,108.325,284,106.454,242,-4.34851,199,NULL
2001,"Sam Houston St.",74.3914,34,72.3745,43,99.4346,195,98.6359,212,96.6709,66,103.021,180,-4.38537,200,NULL
2001,"St. Francis NY",76.1218,13,73.5244,19,102.799,119,100.072,193,98.7648,115,104.507,202,-4.43461,201,NULL
2001,"Alabama St.",69.1009,185,64.3766,282,99.8084,191,94.6376,266,90.5706,4,99.1054,108,-4.46782,202,16
2001,"San Francisco",68.9362,191,67.0474,211,97.2285,227,99.893,199,104.122,228,104.579,205,-4.68602,203,NULL
2001,IUPUI,67.438,239,67.8347,178,100.673,168,99.0124,210,103.325,216,103.716,192,-4.70377,204,NULL
2001,"Texas A&M Corpus Chris",79.0283,4,76.8163,3,105.569,75,103.524,140,104.98,251,108.566,271,-5.04203,205,NULL
2001,"The Citadel",66.7733,255,66.0404,242,98.802,206,97.8212,226,99.2716,120,102.9,176,-5.07889,206,NULL
2001,"James Madison",67.0238,248,66.3669,234,96.1335,240,98.1076,221,101.386,171,103.219,183,-5.11149,207,NULL
2001,"Air Force",57.8957,319,56.5365,320,99.4753,194,103.455,141,108.471,286,108.823,277,-5.36745,208,NULL
2001,"William & Mary",64.6471,292,64.1747,286,94.4811,266,96.5304,245,99.3878,123,101.945,156,-5.41481,209,NULL
2001,UMBC,73.4064,55,71.1121,71,104.675,91,100.784,184,99.0995,119,106.22,235,-5.43661,210,NULL
2001,"South Carolina St.",67.7024,234,66.3159,237,96.4799,235,94.7106,264,95.5776,51,100.259,130,-5.5485,211,NULL
2001,Radford,72.4768,74,72.4644,41,97.9527,219,97.494,231,98.0019,91,103.167,182,-5.67338,212,NULL
2001,Fairfield,72.2123,81,70.1756,97,100.512,174,99.8714,200,103.978,225,105.584,223,-5.71252,213,NULL
2001,"Texas Pan American",70.3973,140,69.4081,123,103.185,112,103.036,147,108.772,292,108.873,279,-5.83696,214,NULL
2001,"Tennessee St.",75.5029,19,73.7726,16,102.901,116,102.855,151,108.51,287,108.846,278,-5.99129,215,NULL
2001,"Mississippi Valley St.",72.6309,70,69.1242,128,109.269,25,106.85,71,103.713,219,112.945,309,-6.09531,216,NULL
2001,Montana,66.8178,253,65.3996,264,104.164,98,103.282,144,108.258,283,109.64,287,-6.35871,217,NULL
2001,Oakland,71.5049,102,71.244,69,103.694,104,104.911,110,110.776,311,111.304,298,-6.39306,218,NULL
2001,"Northwestern St.",75.9583,15,73.9304,13,95.2863,257,94.6194,267,97.6438,86,101.19,141,-6.57108,219,16
2001,UTSA,76.0463,14,73.8685,14,96.5628,234,97.1116,240,98.1179,95,103.685,191,-6.57293,220,NULL
2001,Harvard,73.4069,54,73.3235,21,97.0827,229,95.0181,262,94.875,40,101.699,152,-6.68068,221,NULL
2001,Wagner,80.653,1,78.1066,1,102.227,131,98.5579,214,97.5144,81,105.311,216,-6.7526,222,NULL
2001,"Northern Iowa",66.1789,273,66.4515,231,89.0342,313,91.3434,300,99.9416,139,98.1239,86,-6.78052,223,NULL
2001,Furman,65.3005,285,64.507,280,97.2767,226,96.5444,244,99.9998,142,103.533,187,-6.98826,224,NULL
2001,Mercer,68.0189,224,66.5415,225,100.713,166,99.4361,202,103.795,223,106.494,243,-7.05804,225,NULL
2001,Portland,70.4284,137,67.7355,182,96.1574,239,97.3025,237,103.757,220,104.764,207,-7.46172,226,NULL
2001,"Loyola Chicago",69.4176,171,69.6527,110,98.071,218,99.1713,208,108.675,289,106.746,247,-7.57498,227,NULL
2001,Belmont,69.4591,168,67.4682,193,106.9,54,106.48,81,112.732,317,114.171,317,-7.69128,228,NULL
2001,Brown,72.8801,64,72.6602,36,100.203,179,100.25,189,102.66,200,107.948,264,-7.69787,229,NULL
2001,Davidson,71.5793,99,69.8964,105,93.2187,279,94.1768,270,99.7474,135,102.084,161,-7.90708,230,NULL
2001,"Morehead St.",68.773,197,67.0314,213,100.445,175,98.2572,217,107.036,272,106.201,234,-7.94396,231,NULL
2001,"Virginia Tech",69.1456,183,67.0845,210,93.1162,280,97.7649,227,106.391,266,105.724,226,-7.95959,232,NULL
2001,Tulane,73.7167,48,72.6657,35,95.6115,247,100.148,191,109.944,303,108.122,267,-7.9742,233,NULL
2001,"Cal Poly",74.3199,35,73.5813,18,103.991,100,104.551,117,108.585,288,112.544,307,-7.99267,234,NULL
2001,"Stony Brook",67.6103,235,65.7746,254,99.2183,198,98.3329,216,102.857,204,106.753,248,-8.41965,235,NULL
2001,"UT Arlington",75.2759,21,73.2145,23,94.5152,265,94.2701,269,98.3173,99,102.819,172,-8.54879,236,NULL
2001,Lafayette,71.4595,104,70.5046,89,102.713,121,101.888,171,104.248,236,110.439,294,-8.55044,237,NULL
2001,"Loyola Marymount",69.2657,177,67.2185,204,95.3734,250,96.5461,243,104.643,246,105.306,215,-8.75951,238,NULL
2001,Denver,71.1529,115,70.9797,76,91.2994,298,91.3583,299,99.6155,130,100.125,128,-8.76665,239,NULL
2001,"UNC Asheville",68.122,220,67.098,209,98.3423,214,97.852,225,100.312,149,106.648,246,-8.79562,240,NULL
2001,"Tennessee Martin",71.7208,95,69.5453,115,95.5346,248,95.2549,258,104.643,247,104.097,196,-8.84199,241,NULL
2001,"Rhode Island",73.3529,56,71.8263,56,92.6927,288,95.6623,252,107.74,281,104.566,204,-8.90399,242,NULL
2001,"Western Michigan",67.0027,249,66.4902,228,98.0807,217,98.6199,213,108.918,295,108.003,266,-9.38259,243,NULL
2001,"Central Connecticut",70.092,149,67.6568,187,103.848,102,99.9465,197,101.907,182,109.509,284,-9.56292,244,NULL
2001,"Southwest Texas St.",71.0373,116,68.5671,151,95.0071,260,95.0829,261,100.455,156,105.086,211,-10.0029,245,NULL
2001,"Nicholls St.",70.5942,131,68.1568,167,95.7969,243,96.3911,247,101.341,169,106.495,244,-10.1041,246,NULL
2001,UCF,70.6595,127,69.8735,106,98.7607,207,96.9579,242,104.889,250,107.065,250,-10.107,247,NULL
2001,Lehigh,73.2704,58,71.8306,55,93.008,283,91.2498,301,95.885,55,101.629,148,-10.3789,248,NULL
2001,"Alcorn St.",75.9433,16,73.166,24,98.5085,210,97.1753,239,100.283,148,107.575,259,-10.3994,249,NULL
2001,"Portland St.",73.0011,61,71.0349,74,94.9581,262,95.0839,260,105.742,260,105.581,222,-10.4968,250,NULL
2001,"Coppin St.",67.5527,236,65.3508,267,95.6517,245,94.0599,271,99.6594,132,104.562,203,-10.5022,251,NULL
2001,Yale,67.3863,241,67.363,197,93.6144,274,93.0278,280,99.3009,121,103.587,189,-10.5589,252,NULL
2001,Vermont,71.9819,86,70.0233,101,101.188,152,100.698,185,107.548,278,111.392,299,-10.6941,253,NULL
2001,Towson,70.9176,117,68.7991,142,96.9653,230,94.6602,265,101.55,177,105.402,219,-10.7415,254,NULL
2001,Northeastern,74.4157,33,72.0527,52,98.8124,205,99.784,201,108.844,294,110.766,295,-10.982,255,NULL
2001,American,65.4343,283,64.0913,288,88.9805,314,91.9337,288,100.381,152,102.984,179,-11.0498,256,NULL
2001,"Norfolk St.",74.6424,31,72.9843,29,98.2778,215,97.3515,235,104.227,234,108.413,270,-11.062,257,NULL
2001,Bucknell,69.695,163,67.2712,201,92.1121,293,91.8354,291,99.6439,131,102.934,178,-11.0982,258,NULL
2001,Columbia,61.5504,313,60.3896,312,90.1203,308,89.2381,314,95.2736,48,100.491,132,-11.2529,259,NULL
2001,"Alabama A&M",78.0625,5,74.7798,10,92.9641,284,89.984,310,94.4888,37,101.242,143,-11.2575,260,NULL
2001,Colgate,70.8142,123,68.7279,145,96.8968,231,96.0176,251,101.293,168,107.291,255,-11.2733,261,NULL
2001,"Louisiana Monroe",74.7091,29,72.5918,38,92.4978,289,94.529,268,101.697,179,105.846,228,-11.3165,262,NULL
2001,"Fairleigh Dickinson",68.5873,207,65.7077,255,99.216,199,96.3531,248,103.171,213,107.696,260,-11.343,263,NULL
2001,FIU,61.6277,312,59.9485,314,95.3232,256,96.9984,241,108.739,291,108.73,275,-11.732,264,NULL
2001,"Stephen F. Austin",62.747,308,59.686,316,91.9211,295,91.7038,296,97.3481,78,103.526,186,-11.8222,265,NULL
2001,Buffalo,68.6073,205,68.1464,168,95.6181,246,95.5395,253,109.522,301,107.424,257,-11.8846,266,NULL
2001,"Oral Roberts",68.9427,190,68.5111,156,101.022,158,101.036,183,112.09,316,113.048,310,-12.012,267,NULL
2001,Centenary,67.8301,229,65.0252,272,94.8676,263,97.369,233,110.216,307,109.994,290,-12.6252,268,NULL
2001,"North Carolina A&T",72.2785,80,71.2019,70,95.025,259,91.7589,294,98.4402,105,104.443,201,-12.6836,269,NULL
2001,VMI,74.6678,30,73.4412,20,90.3302,306,89.3347,312,99.3076,122,102.717,170,-13.3825,270,NULL
2001,"New Hampshire",77.886,6,76.3501,4,93.2995,278,91.8957,289,103.991,226,105.353,217,-13.4572,271,NULL
2001,"UC Riverside",68.6411,204,67.4331,194,89.8484,309,91.0877,302,103.081,211,104.717,206,-13.6295,272,NULL
2001,"Eastern Kentucky",74.9174,27,73.1157,26,95.4551,249,95.2333,259,109.519,300,108.993,280,-13.76,273,NULL
2001,Liberty,69.2517,178,69.3016,124,90.5668,305,88.038,315,96.1903,62,101.878,154,-13.8395,274,NULL
2001,Idaho,69.1517,182,68.739,144,88.0327,317,91.6617,297,105.769,261,105.753,227,-14.0909,275,NULL
2001,"Appalachian St.",67.9373,225,66.5914,223,92.8788,286,93.542,276,105.014,253,107.79,261,-14.2484,276,NULL
2001,"Delaware St.",64.029,297,61.9338,304,99.484,193,97.6099,228,106.385,265,111.944,303,-14.3344,277,NULL
2001,"Coastal Carolina",72.159,82,71.6589,59,96.632,233,96.5152,246,105.521,258,111.118,297,-14.6027,278,NULL
2001,"Western Carolina",70.3284,143,68.9827,134,92.3219,292,93.6051,275,106.986,271,108.27,268,-14.6647,279,NULL
2001,"Jacksonville St.",69.2677,176,67.9321,174,92.928,285,91.7223,295,105.035,254,106.405,241,-14.6826,280,NULL
2001,"LIU Brooklyn",72.4592,75,69.5447,116,93.3547,277,91.8105,292,101.103,165,106.617,245,-14.8064,281,NULL
2001,"Northern Illinois",67.501,237,67.4997,192,95.8611,242,97.2381,238,113.201,318,112.162,305,-14.9244,282,NULL
2001,"Western Illinois",68.9979,188,68.6445,148,97.5637,224,98.5392,215,113.999,319,113.472,313,-14.9325,283,NULL
2001,"Southeastern Louisiana",63.617,301,60.7035,310,89.8104,310,89.3052,313,100.09,143,104.27,199,-14.9648,284,NULL
2001,"St. Francis PA",66.3232,267,63.0526,297,100.907,161,99.0153,209,108.841,293,114.33,319,-15.3143,285,NULL
2001,"Loyola MD",67.7787,231,64.9262,275,91.2165,299,90.488,304,104.229,235,106.257,237,-15.7685,286,NULL
2001,Southern,74.2709,39,71.1068,72,97.1188,228,92.49,283,100.258,147,108.677,274,-16.1869,287,NULL
2001,"Middle Tennessee St.",67.7319,233,66.5116,227,95.3537,254,95.4904,254,110.567,310,111.793,301,-16.3022,288,NULL
2001,"Saint Peter's",72.8723,65,70.7481,85,95.3723,251,95.4798,255,111.319,314,111.796,302,-16.3158,289,NULL
2001,"Chicago St.",68.8913,194,68.2563,163,90.7618,303,91.3978,298,110.143,305,107.98,265,-16.5818,290,NULL
2001,Dartmouth,66.8205,252,66.0279,244,94.3544,267,93.6235,274,104.784,248,110.282,292,-16.658,291,NULL
2001,"Florida Atlantic",73.3224,57,72.4776,40,93.9245,272,95.4324,256,110.425,309,112.126,304,-16.6934,292,NULL
2001,Lamar,66.7036,257,64.0848,289,92.4535,290,92.7445,281,104.181,230,109.532,285,-16.7873,293,NULL
2001,Cornell,65.2673,286,65.5523,260,93.9348,271,91.9567,287,104.174,229,108.784,276,-16.8274,294,NULL
2001,"Jackson St.",73.0784,59,69.5954,112,92.0792,294,90.3788,307,102.482,196,107.238,252,-16.8595,295,NULL
2001,"Cal St. Fullerton",65.1532,287,64.3558,283,89.4136,312,91.7808,293,108.024,282,108.659,273,-16.8778,296,NULL
2001,"Sacramento St.",72.286,78,71.6047,60,94.2683,268,93.5022,277,109.801,302,110.38,293,-16.8781,297,NULL
2001,"Eastern Michigan",65.4781,282,64.9609,273,90.8273,302,90.394,306,107.611,279,107.354,256,-16.9603,298,NULL
2001,"Maryland Eastern Shore",68.3494,213,66.9031,216,93.0406,282,92.0741,286,104.818,249,109.277,281,-17.2031,299,NULL
2001,"Charleston Southern",69.2324,179,67.545,190,91.1304,300,90.4705,305,101.992,184,107.858,263,-17.3872,300,NULL
2001,Army,73.6648,50,71.3481,63,93.9433,270,93.4244,278,104.494,242,110.884,296,-17.4597,301,NULL
2001,"Morgan St.",70.6052,129,68.8954,139,95.7076,244,93.7757,272,105.667,259,111.517,300,-17.7409,302,NULL
2001,"Robert Morris",72.5793,72,70.6531,87,92.8158,287,91.8411,290,105.195,255,109.707,288,-17.8657,303,NULL
2001,"Morris Brown",71.287,112,69.9052,104,88.1793,315,92.1006,285,110.12,304,110.075,291,-17.9746,304,NULL
2001,"Grambling St.",79.7659,3,75.6169,6,94.9858,261,95.0059,263,106.879,269,113.292,312,-18.286,305,NULL
2001,Campbell,66.5813,264,65.9056,250,96.4287,236,95.3572,257,110.971,313,113.909,316,-18.5513,306,NULL
2001,Howard,71.5153,101,69.1024,131,95.1569,258,93.2693,279,107.695,280,112.226,306,-18.9566,307,NULL
2001,"Bethune Cookman",68.8059,196,67.0391,212,89.6287,311,85.23,319,98.5793,107,104.236,198,-19.006,308,NULL
2001,"Mount St. Mary's",72.0156,85,69.7019,108,86.7076,318,84.2184,320,98.7241,113,103.642,190,-19.424,309,NULL
2001,"High Point",66.9951,250,65.3675,266,88.0887,316,87.7711,316,102.602,199,107.288,254,-19.5171,310,NULL
2001,Elon,66.1813,272,65.1085,271,94.7249,264,93.6954,273,107.376,275,113.242,311,-19.5466,311,NULL
2001,Quinnipiac,75.1709,23,72.8353,32,93.0896,281,89.4853,311,103.218,214,109.3,282,-19.8151,312,NULL
2001,"North Texas",76.6264,11,75.4871,8,92.3471,291,96.1107,250,115.967,320,115.934,321,-19.8236,313,NULL
2001,Hartford,68.5557,208,65.5814,257,93.7593,273,92.1285,284,110.152,306,112.717,308,-20.5885,314,NULL
2001,"Sacred Heart",71.1568,114,68.8969,138,94.081,269,92.5136,282,110.239,308,114.564,320,-22.0503,315,NULL
2001,"Saint Mary's",72.3978,76,70.4243,91,83.7085,319,86.8489,317,111.478,315,109.472,283,-22.6226,316,NULL
2001,"Texas Southern",71.8386,90,68.6368,149,90.1525,307,86.8343,318,104.56,243,109.542,286,-22.7079,317,NULL
2001,Albany,70.8905,120,69.4511,120,93.5135,276,90.7054,303,108.452,285,113.512,314,-22.8065,318,NULL
2001,"Florida A&M",73.8445,45,72.5729,39,91.0089,301,90.0514,309,107.408,276,113.714,315,-23.6627,319,NULL
2001,"Prairie View A&M",76.5427,12,73.0982,27,91.3362,297,90.3754,308,109.195,298,114.268,318,-23.893,320,NULL
2001,"Arkansas Pine Bluff",77.3524,8,73.0572,28,79.6097,320,79.2674,321,108.728,290,109.708,289,-30.4409,321,NULL
