"Season","TeamName","Tempo","RankTempo","AdjTempo","RankAdjTempo","OE","RankOE","AdjOE","RankAdjOE","DE","RankDE","AdjDE","RankAdjDE","Pythag","RankPythag","EM","RankEM"
2000,"Stanford",69.8973824786325,158,68.5302657264402,189,113.539185235551,2,117.138006979559,5,83.9237339640911,2,83.5015446545729,1,0.980015433975992,1,33.6364623249861,1
2000,"Cincinnati",70.4520833333333,140,69.878342670052,143,112.275357456899,5,119.33071218504,2,87.669383027214,9,86.1685788428701,4,0.976894795348042,2,33.1621333421702,2
2000,"Michigan St.",66.7998611111111,265,66.159169091223,265,111.484771255367,9,117.979641337009,4,88.4081791702703,10,87.1133244629005,9,0.970343695944874,3,30.8663168741081,3
2000,"Duke",75.5259081196581,27,74.4606787661248,23,117.255739762113,1,122.448190353254,1,93.0580672984271,41,93.4854225894459,44,0.957042996383148,5,28.9627677638086,4
2000,"Temple",62.2013392857143,312,62.0028497810845,313,110.711123063518,14,115.630345930829,8,89.3808977388027,15,87.1124728885824,8,0.962916017983357,4,28.5178730422467,5
2000,"Florida",74.4588409961686,39,72.6126373556354,53,113.007705106958,3,118.534580228209,3,91.4568977223049,25,92.4554590743001,34,0.945704761078545,7,26.0791211539086,6
2000,"Tulsa",72.9445,66,71.5513759612506,83,111.007191247945,13,111.183470484538,28,85.3020626074476,3,86.3399966310846,5,0.948251331813748,6,24.8434738534533,7
2000,"Texas",71.2073275862069,122,70.6150452424557,112,105.169631552871,57,112.511961311748,20,90.1637476098704,17,87.7592460596872,10,0.945695657616282,8,24.7527152520604,8
2000,"Oklahoma St.",70.425,145,68.485334977111,193,107.880686554667,31,110.934609342715,30,87.3032399635523,6,86.6485514876184,7,0.944873846819591,9,24.2860578550969,9
2000,"Oklahoma",66.8945689655173,261,65.567719844978,281,111.811191312914,7,114.541944622653,10,91.6332989999382,28,90.957435380588,21,0.934092206005468,13,23.5845092420649,10
2000,"Kentucky",67.2036877394636,250,66.0175443115511,271,103.031580536347,97,111.115206124101,29,92.7470695207148,40,87.7704591548269,11,0.937742100243183,12,23.3447469692745,11
2000,"Illinois",72.651646090535,74,71.3839916359498,89,103.697559804304,86,109.261697992458,49,87.350176850723,7,86.0155658230323,2,0.939969953444147,10,23.2461321694259,12
2000,"Syracuse",68.7655753968254,201,69.0967893118171,167,110.687931457966,16,115.646783037857,7,91.9283565922634,30,92.5026078815042,35,0.928773036154178,17,23.1441751563529,13
2000,"LSU",72.1344827586207,91,70.3892270178124,122,107.293049829729,33,109.633073436199,39,86.9903845743737,5,86.5659784378524,6,0.938003192667214,11,23.0670949983465,14
2000,"Indiana",72.5319958847737,78,72.2248526343478,61,107.273776900217,35,114.492293887023,11,93.251263760571,46,91.4552245105973,25,0.929796473953073,16,23.0370693764257,15
2000,"Ohio St.",68.3763888888889,217,67.7348740191177,221,106.302918197605,42,112.281723282437,22,89.0766001060953,12,89.2670097605335,16,0.933258780526442,14,23.014713521904,16
2000,"Arizona",73.5380555555556,49,73.1165322961448,42,104.556707272875,68,111.4909226178,25,91.5610939187867,27,88.8215146065008,15,0.931764436799693,15,22.669408011299,17
2000,"Tennessee",73.554246031746,48,72.1080373479117,67,108.635784481831,26,113.714613166463,15,92.6103774389685,38,91.4876713354128,26,0.924219491035626,18,22.2269418310501,18
2000,"Iowa St.",69.8313065843621,162,68.387105049528,197,109.723073914695,20,113.889230807253,14,92.2811392255122,36,92.03638397699,30,0.920560493196711,19,21.8528468302631,19
2000,"Purdue",69.2824074074074,182,69.1172628303023,166,106.851827011643,38,112.141624849099,23,94.1928221965527,56,91.0389255241796,22,0.916633963723567,22,21.1026993249194,20
2000,"Maryland",73.2308531746032,58,72.5959709985335,54,105.45548130179,52,110.426123679745,34,91.0860197225453,20,89.4768417208027,17,0.918281177248443,20,20.9492819589423,21
2000,"Connecticut",69.1181034482759,189,67.6761348650008,223,109.53117104764,21,114.141711674344,13,95.0166656427414,74,93.4738628270466,42,0.908647154575013,24,20.6678488472978,22
2000,"Wisconsin",61.4727678571429,313,61.2980416551989,314,97.9281403052129,184,106.217742780833,88,91.0955008605775,21,86.1086923705513,3,0.917860712482373,21,20.1090504102817,23
2000,"Gonzaga",69.888082437276,159,69.5785730447034,151,111.307320912549,11,115.192827920375,9,93.5160671002803,48,95.1506737191675,63,0.900085673272134,26,20.0421542012072,24
2000,"Kansas",76.560775862069,17,75.6876079302027,16,102.704537894277,104,108.228698260151,59,91.550154342897,26,88.4078044492537,12,0.91103129767095,23,19.8208938108971,25
2000,"Louisville",70.5604662698413,136,69.6658683582954,148,103.067550568497,93,109.618317705549,40,93.5178637581705,49,90.1466203726038,19,0.904566044597661,25,19.4716973329451,26
2000,"North Carolina",70.1228670634921,152,68.3529021542991,200,109.82221477538,17,116.432083244091,6,101.422311986456,193,98.1508180075778,104,0.87699033298467,30,18.2812652365132,27
2000,"St. John's",69.164880952381,186,68.5517172951913,188,106.984489578644,36,111.740215197423,24,95.5636851356048,82,93.5093636421847,45,0.885778114788463,29,18.2308515552388,28
2000,"DePaul",67.831498015873,232,67.0149366112936,248,104.942832081182,61,109.593586326004,41,93.6050813296008,51,91.5635472535054,28,0.887661575318098,27,18.0300390724988,29
2000,"Butler",63.857183908046,304,64.6584927936932,292,106.340571098384,41,105.973642729703,91,86.7379298911078,4,88.6639637223334,13,0.886035907368627,28,17.3096790073697,30
2000,"Oregon",71.4169238683128,114,69.9121747380055,142,103.780284109141,84,109.26181428593,48,95.7282631640145,87,92.8501604163651,37,0.86665941856444,31,16.4116538695649,31
2000,"Utah",64.4908653846154,298,63.8027315680191,300,112.06142292409,6,113.714068229266,16,97.5479543176002,119,97.6138056657569,98,0.852668309490159,34,16.1002625635096,32
2000,"UCLA",71.424255952381,113,69.9874416688699,140,104.205386575291,74,110.423315097959,35,98.568428962535,150,94.3879405945172,53,0.858688771924946,32,16.0353745034423,33
2000,"Kent",68.6562286324786,207,67.7828569486012,219,106.887568992291,37,109.318410113783,46,94.4025771395911,58,94.0346043163621,50,0.849658186641113,35,15.2838057974205,34
2000,"USC",73.4531746031746,51,72.0297066299223,71,104.585952657312,67,111.286194821978,26,98.5004278130326,147,96.1792979886778,76,0.842606018829566,37,15.1068968333004,35
2000,"Pepperdine",72.4564516129032,81,72.061674485313,70,101.095190017596,131,104.535004423662,109,87.367049212943,8,89.6554472775717,18,0.85393486896256,33,14.8795571460903,36
2000,"UNC Charlotte",67.9786398467433,227,67.3804939843557,233,101.518298285843,120,109.55049564844,43,96.8359179309138,103,94.9921311874337,61,0.837508077626603,38,14.558364461006,37
2000,"Auburn",68.3835317460317,216,67.5474115752495,227,101.815778908993,116,106.294975674529,86,92.1756790265206,33,91.7855027410791,29,0.843932253979393,36,14.5094729334498,38
2000,"Arizona St.",75.4126388888889,29,74.5491970211455,22,104.017393425475,80,110.470659282517,33,98.1775284047677,134,96.3832409776972,80,0.827612848544292,40,14.0874183048198,39
2000,"Vanderbilt",70.8270061728395,131,70.3472911855224,124,105.81095222617,49,109.32122685353,45,97.4930626348206,118,95.378288648016,67,0.827648928253153,39,13.9429382055145,40
2000,"Missouri",71.3732142857143,115,70.4654540390503,119,103.232545278267,89,110.253544414799,36,97.6574880386727,122,96.3911665454311,82,0.824224181638366,43,13.862377869368,41
2000,"Wake Forest",67.4858127572016,244,66.1116405286508,266,102.495371354231,109,107.602838428703,66,95.3459496427644,79,94.0130596872227,49,0.825296605438527,42,13.58977874148,42
2000,"Dayton",65.9207837301587,280,65.9233160980658,272,109.796606129215,18,112.306015026312,21,98.9533709398718,153,98.8823665363799,118,0.812129924888399,44,13.4236484899317,43
2000,"Miami FL",68.2738505747126,221,67.2679734104173,238,100.706025272063,137,103.625176287801,124,90.7234541855417,19,90.4968885104112,20,0.826044011174754,41,13.1282877773898,44
2000,"Virginia",76.2484567901234,21,75.3470864622964,18,105.031781204046,59,108.408776587356,54,96.1875528615618,91,95.4809350485763,68,0.811578286186427,45,12.9278415387792,45
2000,"UNLV",79.012962962963,4,78.8088077266114,2,105.086804834648,58,107.348123540985,73,94.5288235945157,60,94.6969064409049,56,0.80877201070661,46,12.6512171000797,46
2000,"St. Bonaventure",66.9554012345679,259,66.9576220200804,250,103.860300676417,83,107.104611165575,75,96.470414723255,94,94.9561729156611,59,0.799711420562305,48,12.1484382499139,47
2000,"Arkansas",73.4724616858237,50,72.6414059675799,50,100.712421331537,136,105.857468462332,93,94.9736648180084,72,93.7275872235427,48,0.802114269497688,47,12.1298812387897,48
2000,"Long Beach St.",72.2855,87,72.5290502747975,55,109.439281627453,23,109.265417195346,47,94.7250700324744,65,97.1817479147116,94,0.793764126151654,50,12.0836692806343,49
2000,"Utah St.",65.5154914529914,286,65.3457927795313,284,105.291108487781,54,106.608153756855,78,94.7689593937812,67,94.5512567946121,54,0.799024078360586,49,12.0568969622431,50
2000,"Ball St.",68.5982884399551,208,68.8992584543282,175,104.452800636622,69,108.468340184502,53,97.1868557700635,106,96.5764680283248,85,0.79173527385201,51,11.8918721561769,51
2000,"Penn St.",71.6815329218107,104,71.7461372723294,79,101.672533490511,118,109.33436744814,44,99.4519073689176,162,97.4926783004507,97,0.788896269993664,55,11.8416891476896,52
2000,"Seton Hall",68.4066358024692,214,67.8010290958183,218,104.144376982846,76,107.718272026585,62,95.2554113636092,76,95.9378882122671,72,0.791156360179263,52,11.7803838143178,53
2000,"Xavier",71.9812739463602,98,72.1718249629507,65,104.93119727369,62,108.241571175963,58,96.513513934588,96,96.4654295009215,84,0.789942554877444,53,11.7761416750419,54
2000,"Southwest Missouri St.",65.6725806451613,284,65.2936018555359,285,102.621447803732,108,106.411900748515,83,95.6615464589021,84,94.9959851545299,62,0.786684014007498,56,11.4159155939853,55
2000,"Ohio",69.8440017361111,161,69.0765160459604,168,101.378954830918,126,104.76429341242,106,95.5398710334683,80,93.3932132945835,41,0.789395368831359,54,11.3710801178365,56
2000,"Colorado",73.0568948412698,61,72.1813627766922,64,102.746543018327,102,107.488701782931,71,98.1531394303842,133,96.1702956726964,75,0.782373150597445,57,11.3184061102343,57
2000,"Creighton",66.8262096774194,262,67.1975281016,241,108.906222581996,25,113.43344275148,17,99.2118122252814,156,102.122243746218,172,0.769949393492254,61,11.311199005262,58
2000,"SMU",71.8814917695473,100,71.3227904262676,91,105.011591476936,60,107.042893067732,77,94.5828952990498,63,96.0446856076683,73,0.776742790730773,60,10.9982074600637,59
2000,"BYU",68.9713141025641,194,67.9522573382855,212,102.705047716449,103,104.571932784597,107,93.9000135869735,54,93.6480362316022,47,0.780539804398428,59,10.9238965529944,60
2000,"Southern Illinois",71.3301971326165,117,72.2116898006749,62,98.9594658996753,171,103.820798212328,120,93.0860227110332,42,92.9444522797534,38,0.781194226504624,58,10.8763459325748,61
2000,"Colorado St.",64.6816964285714,295,63.3115362679316,304,108.913639512668,24,111.194094418355,27,100.439977697379,178,100.573838876685,139,0.760318897490935,65,10.6202555416698,62
2000,"California",70.4462599206349,141,70.114343619869,135,102.425972936828,110,107.49042885526,70,99.4687983052687,164,96.9714328540332,88,0.765725793929665,63,10.5189960012266,63
2000,"Iowa",70.7549107142857,132,70.2639237465209,125,95.981989301293,224,105.131374888306,102,99.8992355877202,172,94.7488872400959,57,0.76777278412824,62,10.3824876482097,64
2000,"South Florida",75.3861111111111,30,74.2724684453486,28,102.761182591941,101,106.358070599409,84,95.6707056343092,85,96.1188803960826,74,0.762076024011134,64,10.239190203326,65
2000,"Hofstra",68.6788793103448,205,68.4001431581794,196,108.572824306759,27,105.954154336978,92,90.5181063879991,18,95.9366188033195,71,0.758077010882579,66,10.017535533659,66
2000,"Fresno St.",74.9031481481481,35,73.6717426734006,33,109.495092427499,22,113.141946469183,18,101.729118419226,202,103.332499577157,199,0.739418697092905,72,9.80944689202586,67
2000,"South Carolina",66.6219348659004,268,65.8128840219714,274,101.732242969471,117,107.567097583377,67,100.851192337832,186,97.966667285323,102,0.745566825262871,70,9.60043029805401,68
2000,"Indiana St.",67.1199193548387,253,66.9036016459235,251,98.7466373788588,172,101.045182621142,156,93.0969566677422,43,91.5049297128984,27,0.757773557588317,67,9.54025290824396,69
2000,"Notre Dame",69.1596759259259,187,68.3660141510426,198,103.047252568224,96,108.344606308958,55,99.833032349905,171,98.8296382108584,113,0.742130824333599,71,9.51496809809989,70
2000,"Toledo",69.7751523297491,166,68.5214469551379,190,100.366930867211,143,105.230685069532,101,97.2432977993354,109,95.7696675014797,69,0.747137369908952,69,9.46101756805252,71
2000,"San Diego",68.0279761904762,225,67.834109569979,216,101.664330495079,119,102.850466074641,131,91.9314345129523,31,93.4824843056018,43,0.749936512916142,68,9.36798176903874,72
2000,"Villanova",70.4052203065134,146,71.2515661206761,93,99.7236257071234,149,105.423885418936,98,98.1147895706494,132,96.328158597347,77,0.738392122396948,74,9.09572682158871,73
2000,"New Mexico",70.5616071428571,135,69.723852512252,145,104.771660838022,64,107.418902853502,72,98.217560994413,136,98.4605259338482,110,0.731338703814864,77,8.9583769196533,74
2000,"Marquette",63.6020576131687,306,62.5017458803035,309,97.0957194714849,203,103.84981568857,119,96.2709202106635,93,94.918760572677,58,0.737715918437794,75,8.9310551158935,75
2000,"Rutgers",68.2958333333333,220,67.364141393808,234,102.781002324988,100,107.206621486053,74,98.306462906395,139,98.3602300843459,107,0.729166283617594,79,8.84639140170711,76
2000,"Mississippi St.",68.7553639846743,202,67.9308854942006,213,105.462083329144,51,110.590980604457,32,102.085265795175,211,101.796644327639,160,0.721699232980697,80,8.79433627681847,77
2000,"Mississippi",71.3299603174603,118,70.2106806836991,130,100.581556556951,139,105.805586302728,95,97.8759132608605,128,97.0234691271594,90,0.730365907662604,78,8.78211717556866,78
2000,"Saint Louis",68.9608134920635,195,68.2241264481641,203,94.2314652367719,248,100.80347529604,163,95.5972709991327,83,92.0964878908019,31,0.738630806385735,73,8.70698740523858,79
2000,"Massachusetts",68.8592261904762,197,68.6815117707106,184,97.2360199025711,201,101.509403834786,145,94.8139973085395,68,92.8278996292555,36,0.736556760304744,76,8.68150420553093,80
2000,"Wyoming",77.6288194444445,10,77.2474376640724,6,105.186789898975,56,107.829192447578,61,99.4528214527587,163,99.3533908434685,124,0.719392707498144,83,8.47580160410914,81
2000,"Bowling Green",69.586755952381,169,69.5774096509825,152,106.091199947285,44,108.249351572719,57,100.575642785514,179,99.8309547945007,130,0.717284070115834,85,8.41839677821858,82
2000,"Penn",64.974537037037,292,66.0625010692829,268,103.220846948206,91,103.340678742704,126,91.8954367849004,29,95.3030764409172,66,0.717307217170058,84,8.03760230178676,83
2000,"Princeton",59.7283950617284,315,59.4808070236604,316,101.48121872576,123,101.086484132681,153,88.7325413413445,11,93.0919958478857,39,0.720604993643877,82,7.9944882847958,84
2000,"Alabama",70.9823412698413,127,70.4722444891373,118,101.917580601305,115,107.546425178335,69,101.940398765302,206,99.6485802860503,128,0.706228667894453,88,7.89784489228474,85
2000,"Southeast Missouri St.",67.7017857142857,236,66.6207471832237,254,101.972195324703,113,99.1540708772155,192,91.2392966312998,24,91.2833986223057,24,0.721340102378805,81,7.87067225490979,86
2000,"New Mexico St.",65.4818930041152,287,64.9083516764226,289,104.415976277814,70,106.178102385682,89,97.744471063198,125,98.3341270696574,106,0.707358167228939,87,7.84397531602425,87
2000,"Southern Miss",68.7513392857143,203,67.3452613577634,235,96.4397341969469,216,101.29976494494,148,93.4795903759347,47,93.5791786753261,46,0.713343021159002,86,7.72058626961361,88
2000,"Miami OH",59.6154446248196,316,59.1005574081704,318,104.272894002241,73,107.929518967591,60,102.712945375167,222,100.295553148693,138,0.699224161457145,90,7.63396581889823,89
2000,"Minnesota",71.2069444444444,123,71.1067304630685,99,98.0486206360847,182,106.108274108004,90,102.054970409334,210,98.5278955459833,111,0.701066922608302,89,7.58037856202092,90
2000,"Marshall",72.0772222222222,94,71.5172857989319,86,111.085921930887,12,112.996192940486,19,103.645850813555,241,105.546112270815,240,0.686621430933897,94,7.4500806696719,91
2000,"San Francisco",69.9633744855967,155,69.6841732967784,147,101.10374719345,130,104.473016207419,110,93.1087261685192,44,97.3646354790027,96,0.692185413318088,91,7.10838072841593,92
2000,"Murray St.",71.480958781362,109,71.3284598263246,90,109.739743078574,19,109.133352449479,50,101.636813377301,198,102.164600138143,173,0.681099896464805,98,6.96875231133585,93
2000,"Memphis",75.2916666666666,31,72.7798374154231,47,96.6813200022291,211,102.739208995107,132,95.8803061768396,89,95.854663748938,70,0.689471153682048,93,6.8845452461687,94
2000,"Bradley",66.5958333333333,270,67.0336071785794,246,96.805797870896,208,100.961060619341,160,94.9851277395055,73,94.1131442294271,52,0.691625060828269,92,6.8479163899142,95
2000,"Oregon St.",68.8040598290599,200,67.7354686707314,220,98.5879029098019,174,103.804336325779,121,100.745405474202,183,97.014165594787,89,0.685245353365214,96,6.7901707309915,96
2000,"Tulane",70.6310699588477,134,68.7325420658217,180,96.5967362487822,212,100.644175522595,169,92.558101266528,37,94.0408789123212,51,0.685768404367562,95,6.60329661027339,97
2000,"George Washington",76.638601532567,16,76.4189617798426,10,105.322619429266,53,110.620223368096,31,105.855567073281,281,104.023801060036,213,0.669750480348519,101,6.5964223080592,98
2000,"Saint Joseph's",67.4864814814815,243,67.4538524845906,230,104.050557549438,79,108.883731697737,51,105.255353108547,270,102.301699168127,176,0.6719625896176,100,6.58203252960993,99
2000,"Richmond",64.7793103448276,293,63.6853323015412,302,104.150356153762,75,106.454517812996,82,97.2617316909664,110,99.8974861677743,132,0.6750450905377,99,6.55703164522214,100
2000,"Detroit",64.6051245210728,297,64.5934605262202,294,107.28727830142,34,109.573904316421,42,100.740986479219,182,103.093093617732,193,0.668435760320258,102,6.48081069868931,101
2000,"Georgetown",74.7319444444444,36,73.3265863327221,39,91.1898553970588,281,94.9768813663826,248,89.1228941017013,13,88.7897602318291,14,0.684529170302395,97,6.18712113455354,102
2000,"TCU",77.9040900383142,8,76.7616940171986,9,111.379859433601,10,114.231792176366,12,107.330015401109,291,108.11850094909,274,0.653060783021549,104,6.1132912272759,103
2000,"Michigan",74.3345679012346,40,74.1474037573368,29,100.427643813245,141,107.65079120815,65,105.514372709242,275,101.657695913758,153,0.658976223700781,103,5.99309529439232,104
2000,"Northern Arizona",68.672,206,68.3621530091879,199,104.10942193708,77,105.372466653548,99,100.224056763083,175,99.7483691380991,129,0.652666913445784,105,5.62409751544926,105
2000,"Cal St. Northridge",73.571047008547,47,72.6283079033474,51,104.905545428297,63,103.896934103172,118,99.3127209103332,159,98.3640764981047,108,0.652335910555201,106,5.53285760506711,106
2000,"UTEP",71.5685185185185,107,70.5286296982109,116,107.35557762694,32,109.914043568393,38,103.696303098246,244,104.43066035523,222,0.643024627515061,110,5.48338321316315,107
2000,"Akron",71.2499485596708,120,70.231865879924,128,103.762707570972,85,106.527349960625,80,101.482509496724,196,101.10222782721,148,0.645908013882132,109,5.42512213341456,108
2000,"Samford",64.1451628352491,301,63.748704244245,301,111.540030943516,8,106.323528842167,85,96.6703361385903,101,100.903321095814,146,0.64605046543948,108,5.42020774635294,109
2000,"Appalachian St.",72.4950892857143,79,72.6742953164957,49,104.414300123459,71,103.44303081309,125,94.6986431733713,64,98.0243634794984,103,0.649935855074762,107,5.41866733359142,110
2000,"Eastern Washington",68.8278409090909,199,68.1960329492422,206,105.874625666749,47,108.301778580079,56,103.673522932852,242,103.07693474307,192,0.638446572579637,115,5.22484383700929,111
2000,"Louisiana Tech",70.1839285714286,151,69.2862134153929,160,104.681606896127,66,104.262590522717,111,95.2843774541139,78,99.2171734081988,121,0.638859467586722,114,5.04541711451862,112
2000,"Georgia Tech",72.1366769547325,90,70.3588666397998,123,98.225609736476,179,101.35041277217,147,99.7418398326358,169,96.3661619452762,79,0.641051635632978,112,4.98425082689385,113
2000,"Navy",76.021047008547,22,76.7776391024057,8,99.3457345960328,158,98.0040049509799,211,83.7526274540015,1,93.1394703157423,40,0.642324708000889,111,4.86453463523757,114
2000,"UNC Wilmington",63.9200191570881,303,64.2335822131167,297,94.6899088852246,244,95.9302774653399,238,89.9193876267123,16,91.2411922440858,23,0.64022127004836,113,4.68908522125409,115
2000,"Santa Clara",67.8314814814815,233,67.1741345465293,242,96.9572235524086,204,101.015846912104,157,96.2590313810108,92,96.3328290678236,78,0.633180297403863,116,4.68301784427992,116
2000,"Montana",66.8001666666667,264,66.0391773663378,269,106.597758709146,39,107.669517670626,64,102.935905364789,231,103.204339239553,196,0.619420570892507,118,4.46517843107308,117
2000,"Cleveland St.",72.2991379310345,86,73.0698658118645,43,103.052159117314,94,104.556761746491,108,98.6808070931789,152,100.128837615455,134,0.621902729445085,117,4.42792413103586,118
2000,"Austin Peay",66.2561431623932,276,65.3516462419514,283,107.932549735619,30,106.220625421709,87,101.629346309996,197,101.859135454349,165,0.618259188727905,119,4.36148996735919,119
2000,"West Virginia",69.9870884773662,154,69.2751938371695,161,100.626759596955,138,106.597744349342,79,102.423101295083,215,102.346277658798,178,0.614923227190162,121,4.25146669054449,120
2000,"Georgia",72.2739087301587,88,70.9093641832035,105,99.192443646265,162,104.138289494059,114,104.027895832668,248,99.9490001864335,133,0.615901056890777,120,4.18928930762554,121
2000,"Florida St.",67.1195,254,65.6375321011854,279,98.5229825692123,177,105.073006573522,103,104.479138979661,257,100.899217482988,145,0.614467899244206,123,4.17378909053444,122
2000,"Eastern Illinois",71.1623456790124,125,70.9122068613837,104,108.07478089304,28,107.552563982669,68,102.50441463283,217,103.421305229811,203,0.610743875963236,127,4.13125875285851,123
2000,"Louisiana Lafayette",72.81625,69,72.0981198417837,68,99.3904929361615,156,101.176424365836,151,93.7706447462413,52,97.1790447084503,93,0.613861378365133,124,3.99737965738597,124
2000,"Hawaii",73.418158436214,53,71.9641260944338,75,101.3839763118,125,102.719693517921,133,97.3993177233497,114,98.7227473257064,112,0.612163933571865,126,3.99694619221432,125
2000,"College of Charleston",65.8776175213675,282,65.7249953239502,276,103.937723772949,81,100.337787949309,175,92.2345030016841,34,96.3839710400504,81,0.613566368391535,125,3.953816909259,126
2000,"Virginia Tech",66.769061302682,266,65.6120683264794,280,96.1770810867337,220,98.5264384205691,201,95.2214816276483,75,94.611397454916,55,0.614505319607955,122,3.91504096565311,127
2000,"Wisconsin Milwaukee",66.3022321428571,275,68.2451028519184,202,105.198060758916,55,108.529055317189,52,104.143467508921,251,104.8172112646,227,0.598735545666678,132,3.71184405258926,128
2000,"Boston College",71.4254310344828,112,69.9287203190007,141,95.9848781998692,223,100.500875880562,170,97.2004398488531,107,96.8175680344784,87,0.605727216795629,128,3.68330784608374,129
2000,"Eastern Michigan",69.9925621600621,153,70.044366222289,137,97.6965383889717,189,100.272854181588,176,98.515955503778,148,96.6182171045435,86,0.605149570221354,129,3.65463707704484,130
2000,"Texas Tech",69.4951923076923,173,68.6328712216169,185,101.197247087563,128,105.061075300109,104,102.820169089184,226,101.427649866737,151,0.599829640640002,130,3.63342543337193,131
2000,"George Mason",67.9614814814815,228,68.6851174642541,183,103.212066070464,92,105.699971314255,96,98.4154102035447,143,102.100406208694,170,0.598315452503059,133,3.59956510556048,132
2000,"Sam Houston St.",70.4295,143,70.1769286427886,132,101.91807099678,114,102.858974693333,130,94.3828071013401,57,99.3142481911352,123,0.599480979703648,131,3.54472650219767,133
2000,"Evansville",68.4815277777778,210,69.6970318052187,146,100.069364488269,146,104.133696374088,115,97.5899222609217,120,100.607770847204,140,0.597757577007983,134,3.52592552688398,134
2000,"Pittsburgh",68.3115740740741,219,67.6426707107067,225,97.9377504455186,183,102.024813660278,142,98.3616202522334,142,98.8350705315437,114,0.590318164143981,136,3.18974312873464,135
2000,"Fordham",73.9903273809524,45,73.6198053896606,35,102.788656696681,99,107.092497203548,76,104.643752640077,262,103.926298114947,212,0.585435117424313,138,3.16619908860148,136
2000,"Northern Illinois",70.1920473251029,150,70.4034255309958,121,96.2326269119988,218,99.5512557519589,188,97.3397667948799,113,96.426561354621,83,0.590672441145377,135,3.12469439733793,137
2000,"Weber St.",72.0515625,96,72.0060960729307,72,105.860944707869,48,106.51766481458,81,103.687332473529,243,103.415732497989,202,0.584158449121199,140,3.1019323165912,138
2000,"UAB",75.6751543209877,26,74.3153505982274,26,95.3410453098214,235,100.690466790547,167,98.2392606691774,137,97.6437155198878,99,0.587428986420954,137,3.046751270659,139
2000,"UC Santa Barbara",69.8605,160,70.0412925124911,138,94.1540310708244,251,95.1171195889411,245,92.1305487590539,32,92.3127482415193,32,0.585200022920529,139,2.80437134742182,140
2000,"Lafayette",69.8225411522634,163,70.460797764856,120,104.309267174198,72,104.23284025498,112,91.2356875245147,23,101.726854848347,157,0.569512649063916,142,2.50598540663219,141
2000,"Washington",70.6432098765432,133,70.2293781837705,129,90.8486913185013,287,97.8036272469156,215,99.6744392297554,166,95.2990921658979,65,0.574033211518341,141,2.50453508101771,142
2000,"South Alabama",67.2053373015873,249,65.7409031939847,275,103.230636851641,90,104.117100146638,116,97.7044069996592,124,101.703943390755,156,0.56701354430323,143,2.41315675588331,143
2000,"Tennessee Tech",67.8609615384615,231,66.3578888522018,259,112.318147262765,4,110.196903960152,37,107.122844532951,290,108.079571065549,273,0.555547859200859,146,2.11733289460285,144
2000,"Central Connecticut",70.4916666666666,138,69.7566020935832,144,104.071413587262,78,100.400153976537,173,89.3508417115237,14,98.3062723260444,105,0.560298339755422,144,2.09388165049269,145
2000,"Siena",81.6124074074074,1,79.4831957660276,1,106.090183645573,45,103.785784009985,122,97.9860337566308,129,101.699890113742,155,0.558106772590714,145,2.08589389624332,146
2000,"Houston",77.3097718253968,11,75.826183402417,14,98.4746279275638,178,105.660022936382,97,104.263297646193,252,103.687317646778,208,0.553973428442717,147,1.97270528960418,147
2000,"Northern Iowa",64.0818486590038,302,64.6319556185926,293,96.0845525044569,221,100.371349399192,174,98.4177999614838,144,98.8805833620598,117,0.542915384181408,148,1.49076603713241,148
2000,"San Jose St.",60.909,314,59.1467561555773,317,93.54715512597,260,96.6621826904061,228,97.4857577318657,117,95.2977557797169,64,0.540780172370695,149,1.36442691068918,149
2000,"La Salle",66.5352366255144,272,66.2488509040229,262,99.1626858785775,164,103.154674999133,129,102.832979208496,229,101.827249582351,163,0.537167779705635,150,1.32742541678173,150
2000,"Winthrop",69.5022435897436,172,67.9147898421405,214,101.516919062712,121,98.49529027931,204,91.154318686287,22,97.2325119622788,95,0.537029901727024,151,1.26277831703116,151
2000,"Delaware",72.1340740740741,92,71.2595464572649,92,106.448036602407,40,103.773284759129,123,94.9430490077356,71,102.56524860448,182,0.533613740676987,152,1.20803615464861,152
2000,"Iona",76.0047892720307,23,73.9824119395798,31,103.374283290074,88,101.875225352166,144,98.2064934712276,135,100.845328120981,143,0.529179237042188,153,1.02989723118529,153
2000,"Wisconsin Green Bay",59.27,317,60.8187999006303,315,95.4151481853325,232,98.3951762321748,206,97.3347036311227,112,97.7459837344382,101,0.519022365375068,154,0.649192497736554,154
2000,"Nebraska",72.3119827586207,85,71.7256074786993,80,94.2159519461499,250,99.3488913622277,191,101.454903522815,194,98.8621921651382,116,0.514115166365986,155,0.486699197089434,155
2000,"Boise St.",65.6057098765432,285,65.2501925073755,286,94.3569719352251,247,95.3760021886641,242,94.7500013587719,66,94.9688221848909,60,0.512297767544734,156,0.407180003773123,156
2000,"Louisiana Monroe",77.8015454545455,9,77.0078254377618,7,99.2854822701107,160,98.7079447914715,199,93.5700223326229,50,98.3884188361212,109,0.509320633741962,157,0.319525955350273,157
2000,"Baylor",69.8116452991453,164,68.4770037857302,194,93.6588896871118,259,97.3382215885616,221,97.868157795313,127,97.1771402471305,92,0.50476152585805,158,0.161081341431081,158
2000,"North Carolina St.",0,318,69.5220031828052,154,0,318,101.009181326911,158,200,318,100.851038426253,144,0.504504588688201,159,0.158142900657829,159
2000,"Kansas St.",72.0175925925926,97,70.5436977737901,115,95.3774871956552,233,102.618122195867,134,104.455375269126,256,102.506207575435,181,0.503137125117214,160,0.111914620432576,160
2000,"Maine",69.6982407407408,168,68.5693217816439,187,108.011876262339,29,104.958805862134,105,98.3552182925547,141,104.928769756294,229,0.500822856966798,161,0.0300361058403724,161
2000,"Wichita St.",67.8053571428571,234,68.4611373520039,195,97.4668565113562,196,100.734304701785,165,99.7890813588296,170,100.767738257844,142,0.499045951529953,162,-0.0334335560593451,162
2000,"Portland St.",71.7217222222222,103,71.9434859444806,76,102.239568557563,111,102.251637778936,139,102.592661031747,219,102.394230292853,179,0.495993617912139,163,-0.142592513916811,163
2000,"Davidson",72.2057777777778,89,70.8750515721343,107,99.5404007860063,151,99.0045806933149,195,99.2923607224907,158,99.4595160168138,126,0.486822417940488,164,-0.45493532349883,164
2000,"Providence",70.4457304526749,142,69.40612184009,157,87.7044593326289,301,91.8264754908758,280,92.6658924025779,39,92.4421901246318,33,0.480796350819245,165,-0.61571463375599,165
2000,"Middle Tennessee St.",71.1418269230769,126,70.8757394949319,106,105.608573438374,50,104.165240962219,113,105.824022573226,279,105.15140694592,233,0.472935960010103,166,-0.986165983700834,166
2000,"FIU",71.2768199233717,119,70.2487463041756,127,99.1652473953449,163,98.0384705702055,210,96.8586212403102,104,99.0619803865145,120,0.470176383664411,167,-1.02350981630896,167
2000,"Drake",63.8151819923372,305,64.5656648279357,295,95.7016612030085,227,98.789713592614,198,98.0320050855762,131,99.8792974842761,131,0.468506030563997,168,-1.08958389166207,168
2000,"Fairfield",74.2567049808429,42,71.4973588214586,87,102.643346481956,107,103.336556001909,127,102.828456565424,228,104.497543369301,223,0.467923557631725,169,-1.16098736739163,169
2000,"James Madison",68.4587164750958,211,69.0125530742761,171,100.08711949402,145,101.052513119906,155,97.6226017340121,121,102.30886404874,177,0.464536140807346,170,-1.25635092883398,170
2000,"Georgia St.",67.939224137931,229,68.1390199419495,209,106.058177047692,46,102.160486328627,140,100.920309654318,187,103.769939385073,209,0.455180479523301,171,-1.60945305644544,171
2000,"UTSA",74.0670289855072,43,72.7333181542173,48,100.416531898351,142,100.442149138849,172,99.3272288345248,160,102.747692198728,184,0.43512126758881,172,-2.3055430598782,172
2000,"Western Michigan",72.988253968254,63,73.0429730755788,44,97.5479206607853,193,101.126150436102,152,104.964949129884,265,103.66950246321,206,0.429068880701279,173,-2.54335202710867,173
2000,"Clemson",67.387037037037,246,66.2357776715847,263,95.7078395855617,226,100.15438143828,178,104.094947266361,249,102.745446769227,183,0.427090976603293,174,-2.5910653309472,174
2000,"Illinois St.",67.8853927203065,230,68.7261356160157,181,97.7095470945889,188,102.384557587509,137,105.146266720001,267,105.164019123017,234,0.423595372956294,175,-2.77946153550817,175
2000,"UMKC",70.2607371794872,148,70.7696825232775,109,100.719917388901,135,99.8148868022863,185,98.2779764475086,138,102.8668704895,188,0.414265296181349,176,-3.0519836872139,176
2000,"Valparaiso",65.8474893162393,283,65.141541550063,288,97.859916001583,186,96.1745671033862,235,96.5980193760461,99,99.2288828312676,122,0.411071385219292,178,-3.05431572788138,177
2000,"UC Irvine",66.498,273,66.1843479481494,264,99.3528823733034,157,100.025300004685,180,102.257206736484,212,103.153311485421,195,0.412383285345446,177,-3.12801148073552,178
2000,"Southern Utah",71.732,102,72.4945147209772,56,100.775220129268,134,100.830698866833,162,100.428658601685,177,104.050335762059,215,0.410604478581369,179,-3.21963689522622,179
2000,"Old Dominion",66.1491858237548,277,66.4571299122251,257,96.4627897434707,214,98.4251723181002,205,98.5364821093051,149,101.774261673515,158,0.404970321191905,181,-3.34908935541436,180
2000,"UT Arlington",74.035474537037,44,72.6249772801985,52,103.864083163681,82,103.960495641964,117,101.639547156279,199,107.33545819414,258,0.409168727138383,180,-3.37496255217676,181
2000,"Manhattan",73.4072530864197,54,71.4115774961756,88,103.049176233207,95,99.9109355529617,181,98.4581026955413,145,103.39924308001,201,0.402595352368793,182,-3.48830752704852,182
2000,"Idaho",68.2333333333333,222,69.0300663266457,170,96.2374309223865,217,98.2504432401831,208,102.801748804345,225,101.812269488713,162,0.3990260485527,183,-3.56182624853024,183
2000,"Robert Morris",69.3092658730159,181,69.0111949526005,172,99.4130423576652,155,98.1419158533716,209,95.5620016034749,81,101.775325226073,159,0.396980808457448,184,-3.63340937270131,184
2000,"Western Kentucky",70.8435317460317,130,70.548839918619,114,96.2198526035362,219,96.5468655548726,229,100.013260430142,174,100.243073636941,137,0.393637290727248,185,-3.69620808206886,185
2000,"Duquesne",72.9232142857143,67,72.3109424325303,60,95.6916670959718,229,99.0983141096461,193,104.601704260843,259,103.016926724444,190,0.390316945190354,186,-3.91861261479788,186
2000,"Radford",72.5347222222222,77,71.2422320830409,94,100.010860641201,147,98.8896176517189,196,97.4519566895561,115,102.84116180512,187,0.38922135712017,187,-3.9515441534006,187
2000,"Bucknell",67.0739197530864,256,66.7016366515114,252,94.379970935381,246,94.6361899406335,252,92.276351446361,35,98.8451491542917,115,0.377442694912657,188,-4.20895921365814,188
2000,"Oakland",71.5686781609195,106,71.5523725477062,82,97.6327877374955,191,99.816605736695,183,102.771661112386,224,104.366478961668,219,0.3745840384018,191,-4.54987322497289,189
2000,"Central Michigan",69.3971726190476,177,68.7072313058987,182,97.6603590765215,190,101.239306816307,150,107.989339020125,296,105.822756177723,243,0.375380453436173,189,-4.58344936141619,190
2000,"Pacific",63.5917181069959,307,62.0255485375856,312,98.5461662414811,175,98.5037752638443,203,101.725993445798,201,103.122313857528,194,0.371230726361205,192,-4.61853859368329,191
2000,"Texas A&M",68.1286522633745,223,67.4538245663746,231,95.3009446341573,236,102.262855139624,138,107.711111917801,295,106.923972145414,254,0.374590638926921,190,-4.66111700578998,192
2000,"Marist",70.9593253968254,128,68.8439015447694,178,98.5379015483047,176,97.4459781624319,220,97.4728422076069,116,102.199946142751,174,0.366379744664274,195,-4.75396798031953,193
2000,"St. Francis NY",74.6887931034483,37,74.7764808637528,21,102.659647577048,106,102.054036514091,141,99.9186729282392,173,106.851968615348,253,0.370905872595581,193,-4.79793210125695,194
2000,"Illinois Chicago",68.5296296296296,209,69.4214021039233,156,94.6987024794611,243,97.2648643704208,224,101.103806872896,191,102.112414851335,171,0.363704884404384,196,-4.84755048091388,195
2000,"Arkansas St.",71.5146329365079,108,71.6198948897185,81,99.0395480208431,170,101.921003905449,143,105.233451604256,269,106.799560726594,251,0.368724790459501,194,-4.87855682114441,196
2000,"Fairleigh Dickinson",65.9564300411522,278,64.8336812201151,290,96.0189319786973,222,94.9886795126856,247,94.8552877446192,69,100.142266119541,135,0.352608617970142,200,-5.1535866068552,197
2000,"Niagara",72.9739367816092,64,71.1642028645716,97,103.019654458641,98,102.578949657262,135,104.315742592935,254,107.772846393205,265,0.361693952722841,197,-5.19389673594307,198
2000,"William & Mary",69.3480452674897,180,69.3461276768404,158,97.5697260811597,192,100.986719517737,159,103.575964462286,238,106.338893710275,247,0.35574418283042,199,-5.35217419253845,199
2000,"Oral Roberts",70.3978625541126,147,69.1824627119714,164,99.1244211425885,167,99.7296218834808,187,100.782112484553,184,105.174074009331,235,0.351769104763271,201,-5.44445212584986,200
2000,"VCU",71.5741251803752,105,71.9730925319887,74,94.2248689804628,249,96.9188887970721,226,99.0029849346846,154,102.430575598265,180,0.346134439547817,203,-5.51168680119294,201
2000,"Troy St.",67.1046296296296,255,67.6614186982275,224,110.706369024364,15,107.675064485728,63,106.691042036482,288,113.217025729609,310,0.359584478662608,198,-5.54196124388171,202
2000,"Alcorn St.",74.526,38,71.0516720256297,100,98.7329805477867,173,97.8474339852761,214,96.0833186524067,90,103.446506392101,204,0.345264764851701,204,-5.59907240682518,203
2000,"Montana St.",72.067270531401,95,71.1630504912301,98,101.066608914742,132,101.484228605009,146,108.20874962344,298,107.177800289973,255,0.348024075205079,202,-5.69357168496402,204
2000,"American",70.5304743867244,137,70.2572339490698,126,90.3358932729567,290,91.367149309291,285,94.4707533570105,59,97.0682087858099,91,0.332683900878361,208,-5.7010594765189,205
2000,"Washington St.",66.6163461538462,269,65.2432621452557,287,93.70829760901,257,99.3556006835345,190,108.719217487029,303,105.129964259516,232,0.343066613097496,205,-5.77436357598119,206
2000,"Loyola Chicago",67.6923611111111,237,68.176453565171,207,97.4545190096105,198,99.4336546635372,189,102.820435734751,227,105.446674578302,237,0.337329101377273,206,-6.01301991476458,207
2000,"Portland",65.9353333333333,279,66.0763128142378,267,93.1621386213698,264,97.5878126824488,217,101.965924119818,208,103.680789317814,207,0.332591199599279,209,-6.09297663536484,208
2000,"Idaho St.",69.8038888888889,165,69.5907799201887,150,99.0653343246387,168,101.24114656566,149,108.580745454645,302,107.471577472238,261,0.334746799780361,207,-6.23043090657814,209
2000,"New Orleans",63.4267720306513,309,62.3543423304176,311,93.8435014493818,256,94.3206876456786,256,97.025553285312,105,100.612477990661,141,0.322431269884806,213,-6.29179034498195,210
2000,"East Carolina",66.8121399176955,263,67.003051612734,249,94.7975877600414,240,96.4955965153147,230,99.3522162586607,161,102.835473265082,186,0.324804378094319,212,-6.33987674976708,211
2000,"Rider",69.91,157,68.1431368394824,208,99.8078718759886,148,97.8909440837095,213,99.6884984521311,168,104.284572508419,217,0.32572204686747,210,-6.39362842470987,212
2000,"Northwestern St.",71.3722777777778,116,69.4290449437062,155,91.3173429737128,280,91.2812418813425,287,93.7966796389772,53,97.7049669288978,100,0.313871451782047,218,-6.42372504755536,213
2000,"Nevada",66.5950320512821,271,66.50966671052,255,94.9863271987606,238,98.3833596672903,207,103.921247304158,246,104.838167802976,228,0.325023245711481,211,-6.45480813568582,214
2000,"Hampton",73.3228703703704,56,71.5278897347446,85,100.786141970187,133,97.3350613602634,222,96.5496979668848,98,103.833985157654,210,0.32228476156782,214,-6.49892379739083,215
2000,"Wright St.",65.4491071428571,288,66.3435732094197,260,93.4268094637516,261,95.3640158740263,243,101.705320684515,200,101.931450031957,167,0.31736864436011,215,-6.56743415793095,216
2000,"Bethune Cookman",75.9317307692308,24,73.5713665091639,36,99.201258264174,161,96.4806720204478,231,97.6926041168609,123,103.317651675864,198,0.312737159017205,219,-6.83697965541637,217
2000,"Lamar",67.3374392068836,247,66.4760331584278,256,91.9414021106415,272,92.48099468511,272,94.930172480688,70,99.4401091267131,125,0.302725561809771,226,-6.95911444160314,218
2000,"Furman",68.4200191570881,213,67.3372485416069,236,99.4388231717461,154,97.3328269656134,223,101.221820614231,192,104.357100996564,218,0.309737402170733,220,-7.02427403095072,219
2000,"Southwest Texas St.",65.9096666666667,281,65.4650918605544,282,99.5741814973094,150,100.744791830878,164,102.505811208147,218,107.831899795679,268,0.313931041791812,217,-7.0871079648005,220
2000,"UCF",69.3533154121864,179,70.1639696663697,133,101.130561285871,129,100.079180768921,179,103.295930887238,235,107.365008247114,259,0.308287979316313,221,-7.28582747819253,221
2000,"Cal Poly",73.1178333333333,59,73.0043893937745,45,103.68208121506,87,105.357021951712,100,111.36684594853,311,112.666758373798,308,0.316172933774565,216,-7.30973642208559,222
2000,"UNC Greensboro",69.399537037037,176,67.7114374826088,222,101.439419657907,124,100.689560299064,168,103.872403042804,245,108.020272061751,272,0.308277802525613,222,-7.33071176268702,223
2000,"Air Force",68.3956868686869,215,67.0824674868154,245,95.4314737501486,231,97.6240266531294,216,106.424760234147,284,104.965089431935,230,0.302842598786739,224,-7.3410627788051,224
2000,"Wofford",68.8940972222222,196,68.8454927522718,177,99.1498713612797,166,99.8224166601403,182,105.837036455385,280,107.329357413913,257,0.302829817770448,225,-7.50694075377305,225
2000,"Tennessee Martin",72.5384259259259,76,72.0967330198164,69,93.9786173226867,254,96.3077033477903,233,105.15868274397,268,103.915816538647,211,0.294344300004613,228,-7.60811319085682,226
2000,"Jacksonville St.",69.2121399176955,185,69.3183905004506,159,99.336320709399,159,94.0558371941296,258,97.3318754345246,111,101.95954164567,168,0.283349764672802,232,-7.90370445154084,227
2000,"Morehead St.",68.999537037037,191,68.5737765190274,186,106.196115771829,43,105.850311974577,94,112.790945570027,316,113.772841732277,311,0.303635377452523,223,-7.92252975769967,228
2000,"Georgia Southern",72.4758230452675,80,72.0004878960187,73,104.740931706263,65,103.318838002078,128,108.508665579696,301,111.331032057521,296,0.297565959265196,227,-8.01219405544321,229
2000,"Vermont",70.4257043650794,144,70.6524283880843,111,100.338818786657,144,99.7324113612065,186,102.596777423603,220,107.808420599387,266,0.289986803624076,230,-8.07600923818043,230
2000,"Texas Pan American",73.1121925779535,60,73.2123258026479,41,97.1201057800315,202,99.8158191783874,184,106.882688240721,289,107.897078464647,270,0.290019810630649,229,-8.08125928625959,231
2000,"Chattanooga",67.4755658436214,245,66.2768892544271,261,102.013672728428,112,101.052957644332,154,106.451753972737,286,109.241569091514,286,0.289863949629429,231,-8.18861144718243,232
2000,"UMBC",67.5590277777778,239,67.1433540449741,243,94.0629158843961,253,92.8587532826749,270,95.6992571349163,86,101.174784709924,149,0.271632620329067,234,-8.31603142724947,233
2000,"Youngstown St.",68.8480967078189,198,68.4996299552835,191,95.1240697605368,237,94.9029113959036,250,100.800412238037,185,103.362526037832,200,0.272502436348211,233,-8.45961464192789,234
2000,"East Tennessee St.",69.1326646090535,188,68.1119714235069,210,97.4549930874596,197,96.756124186914,227,102.691870870418,221,105.455343607543,238,0.270896190297962,235,-8.69921942062893,235
2000,"Quinnipiac",73.3490740740741,55,73.4835539208556,38,97.7556767593186,187,96.0286183859577,236,98.4859184663735,146,105.108634659681,231,0.261342214115515,236,-9.08001627372356,236
2000,"Drexel",64.4057407407408,300,64.3631775844514,296,96.7579113719983,210,95.8001623654264,240,101.098701604289,190,105.308277949291,236,0.251953995471357,238,-9.50811558386457,237
2000,"Saint Mary's",68.9900720164609,192,69.1246171713951,165,87.2058483561247,304,92.3324891433395,274,100.658447897737,180,101.863513755353,166,0.244210187162016,241,-9.53102461201386,238
2000,"Centenary",64.6687801932367,296,63.4511557098163,303,91.0701712188593,282,93.4532091933252,264,103.063434900975,232,102.996680755731,189,0.246342958797653,239,-9.54347156240605,239
2000,"Canisius",71.8775,101,68.9862839753723,174,99.155396988261,165,98.8307508216944,197,105.915725525585,282,108.409217246558,277,0.256584009801829,237,-9.57846642486382,240
2000,"Wagner",78.3402243589744,5,77.5722437286938,5,97.543149074171,194,94.5031295190778,253,97.2337555349376,108,104.238792183841,216,0.244605938747918,240,-9.73566266476346,241
2000,"Sacramento St.",67.7412393162393,235,67.198847337515,240,90.9187656130791,286,91.5426450395335,282,102.328526275477,213,101.34655087339,150,0.236851283546886,244,-9.80390583385608,242
2000,"Rhode Island",70.8439176245211,129,70.2053369536372,131,86.9470839205728,306,93.1349737646439,268,107.441684898128,292,103.063659959863,191,0.237775087076347,243,-9.92868619521933,243
2000,"Coppin St.",68.3322222222222,218,66.6433363892135,253,96.9140721389038,206,95.5518155605264,241,99.0254956187246,155,105.495543841717,239,0.242595780714602,242,-9.94372828119025,244
2000,"Towson",69.3628472222222,178,68.2652076327178,201,96.4494106411438,215,94.3540218163283,255,98.0113598966753,130,104.51421996982,224,0.235754822950268,245,-10.1601981534915,245
2000,"Alabama A&M",78.1631666666667,6,75.2443469021756,19,92.8982640963551,265,89.3218845946682,299,93.1636769076696,45,99.5827992751041,127,0.222606045707835,251,-10.2609146804359,246
2000,"Nicholls St.",69.2658888888889,183,69.0499695412151,169,88.3896065605605,298,89.4956556650984,297,96.5493995783614,97,100.195898881543,136,0.214370832579903,258,-10.7002432164443,247
2000,"Colgate",68.447170781893,212,67.4260325251714,232,90.9318110264099,283,91.4674056454622,284,95.2837713757576,77,102.215186014864,175,0.217955271328027,256,-10.7477803694015,248
2000,"UNC Asheville",72.7991071428571,71,71.0413467342298,101,95.3643303648207,234,97.5872915636937,218,105.43708578441,273,108.451385783921,279,0.229015336827379,247,-10.8640942202268,249
2000,"Coastal Carolina",72.5691964285714,75,71.2101511756353,95,96.9228215395026,205,97.8926537971313,212,103.57976719369,239,108.807573686465,282,0.228701377433579,248,-10.9149198893334,250
2000,"North Carolina A&T",76.5041132478632,18,74.3809274711808,25,96.790518440731,209,93.3988052069074,265,96.7911113039332,102,104.383063290193,220,0.217776342256888,257,-10.9842580832856,251
2000,"Western Carolina",75.1703125,32,75.0694565734709,20,101.200914031623,127,100.704720210149,166,107.611531645135,294,111.694698994788,300,0.233056787985946,246,-10.9899787846384,252
2000,"Monmouth",62.6456845238095,311,62.3758133525207,310,91.5785352894558,275,90.3528475437697,292,95.7447994431541,88,101.467409783482,152,0.208469780015132,261,-11.1145622397118,253
2000,"Chicago St.",68.0074588477366,226,68.4967630512267,192,94.8828242153679,239,96.4684912879739,232,105.647585592825,277,107.625869246235,263,0.221212767248039,252,-11.1573779582614,254
2000,"Texas Southern",73.0153985507246,62,69.5420651176245,153,98.0937676402368,181,96.0223340012255,237,98.3090679878713,140,107.226471317661,256,0.21939989310592,253,-11.2041373164352,255
2000,"IUPUI",66.8948908730159,260,66.4441817417821,258,90.6513674702903,289,91.4805771431342,283,100.713203769275,181,102.828362660137,185,0.206730468865838,262,-11.3477855170023,256
2000,"Liberty",73.2430555555556,57,72.4737628016302,57,91.4954698841017,278,89.6448928649162,296,94.5386065751847,61,101.008634311224,147,0.202212626823674,263,-11.3637414463082,257
2000,"North Texas",78.057304526749,7,77.88223236526,4,96.5719789934749,213,100.262662316575,177,112.559052015878,315,111.776781946126,301,0.222670585279063,250,-11.5141196295515,258
2000,"Elon",72.7035,73,70.9373318728673,102,97.9232251457275,185,99.0473482775608,194,105.463516883508,274,110.631810067877,292,0.218913180752634,254,-11.5844617903157,259
2000,"Cal St. Fullerton",70.4755,139,70.4818750282469,117,100.471411244721,140,102.42697126997,136,111.328571629402,310,114.055359035133,314,0.225021476438111,249,-11.6283877651633,260
2000,"Western Illinois",67.5058531746032,242,67.2761986558708,237,93.6862081333443,258,95.1252741326637,244,103.965168340033,247,106.765717887752,250,0.209559096956895,259,-11.6404437550887,261
2000,"Jackson St.",72.9523809523809,65,68.9979856054704,173,91.5104560442882,276,90.1444817252537,293,94.5484444695715,62,101.850563093865,164,0.197171254370435,264,-11.7060813686116,262
2000,"South Carolina St.",68.97625,193,67.1129068091496,244,101.50973912408,122,100.456055290406,171,104.78144560476,264,112.230539787734,307,0.218470838713114,255,-11.7744844973284,263
2000,"Northwestern",63.5521551724138,308,62.6313646397965,308,80.8943237378307,316,87.1587495903282,308,101.771983546804,204,98.9605812547484,119,0.188407677552329,268,-11.8018316644202,264
2000,"Southern",75.8640625,25,73.3171770904058,40,99.4769277028935,153,97.0179440672969,225,98.6483610138373,151,108.940644675927,284,0.208674587573181,260,-11.92270060863,265
2000,"Mercer",68.0855197132617,224,67.6021552635351,226,97.2735905881315,200,94.0205023788256,259,104.616344263293,260,106.564135954217,248,0.191515504834874,266,-12.5436335753917,266
2000,"Columbia",62.9699252136752,310,62.7977344869628,307,92.4932388294457,268,91.8451485381601,278,97.8161369217591,126,104.557485251439,225,0.183804710308612,270,-12.7123367132786,267
2000,"Holy Cross",67.5415178571428,240,66.0314851867764,270,88.4916874256953,297,88.8820139551501,302,93.9228568840529,55,101.968019839098,169,0.170863694723852,273,-13.0860058839482,268
2000,"Stetson",67.1625,252,67.2186903933701,239,102.693814565535,105,98.7001934803884,200,106.429364840054,285,111.84436723373,303,0.191894585001711,265,-13.1441737533417,269
2000,"St. Francis PA",65.1303571428572,290,64.0979330002214,299,99.0402725501115,169,97.4966246835747,219,104.530344016568,258,110.64841341129,293,0.189201091710377,267,-13.1517887277158,270
2000,"Rice",67.2668981481481,248,65.6461752710606,278,85.0382106168503,311,88.4939616098818,304,102.500655700375,216,101.662646570841,154,0.16863326352063,274,-13.1686849609589,271
2000,"Harvard",69.2423076923077,184,70.0201371297788,139,94.7591918345593,242,93.0155581723347,269,99.2356920153738,157,106.658005859601,249,0.171661342508394,272,-13.6424476872667,272
2000,"Jacksonville",69.4233867521368,175,70.1228447248009,134,99.5148995746751,152,95.8193952599211,239,104.105944183228,250,109.481280593696,288,0.177581854947268,271,-13.661885333775,273
2000,"Belmont",67.5773148148148,238,67.815459117784,217,96.8211217343604,207,100.898008327075,161,110.868979398848,306,114.855737820917,315,0.183919169945559,269,-13.9577294938424,274
2000,"Tennessee St.",72.0883620689655,93,71.5318064719092,84,94.1169188165927,252,94.7717488793867,251,109.647734105439,305,109.080625287183,285,0.165607521262213,275,-14.3088764077968,275
2000,"Southeastern Louisiana",64.9978888888889,291,63.2891066176578,306,89.951024329379,293,91.3403602655405,286,101.950885037783,207,105.714021557756,241,0.157007426251444,279,-14.373661292215,276
2000,"Stephen F. Austin",71.2402777777778,121,70.5834291976961,113,92.8394990916613,266,94.0076746895237,260,103.506558432828,237,108.420424625567,278,0.162415980425275,276,-14.4127499360429,277
2000,"San Diego St.",69.5436625874126,171,68.8813926460972,176,87.136217816754,305,89.9491948780697,294,107.543228106714,293,104.399932915129,221,0.152734075168511,281,-14.450738037059,278
2000,"Denver",72.4169642857143,84,72.2107520179809,63,91.4962971074004,277,94.0837285951008,257,106.553999166915,287,108.86197904148,283,0.157386906105167,277,-14.7782504463787,279
2000,"High Point",72.8158333333333,70,71.2047454816881,96,90.0167841110613,292,90.8835011068905,289,101.774268994204,205,105.774543028664,242,0.148690210754414,283,-14.8910419217739,280
2000,"Buffalo",74.9795535714286,33,74.0278563740986,30,88.5206511705975,296,91.8413621217798,279,109.084022402378,304,106.84512188837,252,0.149293632021821,282,-15.0037597665905,281
2000,"Hartford",76.3093965517242,20,75.6581994471334,17,92.8196134706234,267,90.6549850827383,291,101.978028589695,209,105.884583344964,244,0.143585911330084,285,-15.2295982622262,282
2000,"Campbell",64.4736607142857,299,64.6829919176993,291,98.1395299972574,180,96.2432062698565,234,108.28603517911,299,111.606840867403,298,0.15404837032822,280,-15.363634597547,283
2000,"Alabama St.",71.9739734299517,99,68.2105015647,205,90.9232411411318,285,87.8964765888487,306,96.618937109709,100,103.283574289459,197,0.135267689343723,289,-15.3870977006103,284
2000,"Albany",67.5061111111111,241,67.4836713141925,229,91.7662635282686,273,92.4637341928362,273,100.249431379611,176,107.905977875489,271,0.144784961050496,284,-15.4422436826528,285
2000,"Arkansas Little Rock",69.1169642857143,190,68.761047001583,179,97.4807419254463,195,98.5231677665701,202,111.119139591754,308,114.026730534046,313,0.15701292624283,278,-15.5035627674759,286
2000,"Northeastern",69.9226686507936,156,69.1890369954829,163,94.4817472111322,245,92.8231661764639,271,103.271591392013,234,108.769925346184,280,0.139051029332867,287,-15.9467591697201,287
2000,"Dartmouth",67.0710576923077,257,67.9910316845507,211,95.6512236869764,230,95.1109402596695,246,104.637972194815,261,111.296992512339,295,0.140962377447669,286,-16.1860522526697,288
2000,"Mississippi Valley St.",76.3410493827161,19,73.4983306365095,37,92.389527619474,269,92.1803363353747,275,102.925748595152,230,108.367678852914,275,0.134644201569228,291,-16.1873425175393,289
2000,"Boston University",64.7443582375479,294,63.3064260756862,305,91.7196925798349,274,91.6579450399869,281,103.619889925957,240,107.891045717723,269,0.13294469386789,294,-16.2331006777356,290
2000,"McNeese St.",72.875,68,72.9896803022408,46,90.1373356434183,291,92.1290064211936,276,104.69449425873,263,108.369645213957,276,0.133875414793747,292,-16.2406387927637,291
2000,"Lehigh",69.7027777777778,167,69.2272060369121,162,90.710746642018,288,93.2018047232653,267,103.064842074504,233,109.487308079474,289,0.135640846109159,288,-16.285503356209,292
2000,"Cornell",66.9613995726496,258,67.8916473393946,215,93.9601756030795,255,91.2655297529475,288,101.474101350273,195,107.697340396458,264,0.129673936758616,297,-16.4318106435109,293
2000,"Norfolk St.",77.2203189300411,13,76.2637057864448,12,97.4143751584331,199,93.8286444337843,262,103.465849355044,236,110.288681600234,291,0.134847897984139,290,-16.4600371664499,294
2000,"Eastern Kentucky",72.4345,83,71.8971746679604,77,93.287936534025,263,93.2058419623053,266,111.24553872192,309,109.714238144922,290,0.13293074074305,295,-16.5083961826166,295
2000,"Mount St. Mary's",69.4784482758621,174,70.0484892166807,136,93.3381343148823,262,94.3930426390597,254,106.023323601697,283,111.074571155113,294,0.133374518734439,293,-16.6815285160537,296
2000,"VMI",76.9266666666667,15,75.7744635681956,15,87.2378268232079,303,86.7641218972384,310,102.731413178779,223,103.511792796064,205,0.11612360429516,298,-16.7476708988256,297
2000,"Saint Peter's",72.7887896825397,72,70.653842135556,110,95.6969332348404,228,94.9271436557224,249,108.017394456403,297,111.840925467777,302,0.131743486427994,296,-16.9137818120541,298
2000,"LIU Brooklyn",71.1943803418803,124,70.8659903935284,108,87.5394882158107,302,86.5539189310675,311,99.6796290549241,167,104.023950239925,214,0.107713106484686,301,-17.4700313088573,299
2000,"Brown",70.255524691358,149,71.8119317599655,78,94.7931375665453,241,93.9041533698042,261,104.280900368201,253,112.054442455644,304,0.115866680724278,299,-18.15028908584,300
2000,"Loyola MD",71.4739087301587,111,69.6571925226655,149,91.332512059315,279,89.2087235333325,300,104.39109428202,255,107.377249883329,260,0.106049042380425,302,-18.1685263499968,301
2000,"Maryland Eastern Shore",69.5758744855967,170,67.5041448643612,228,95.8014939029865,225,93.7840258024183,263,105.098359573392,266,112.207676285948,306,0.112785003313103,300,-18.4236504835297,302
2000,"Yale",65.3250106837607,289,65.6942288025764,277,89.7759162698604,294,88.9965059718982,301,99.5553294569532,165,107.494333272424,262,0.10232337506516,303,-18.4978273005254,303
2000,"The Citadel",68.6854444444444,204,68.2123251022213,204,90.924829378603,284,89.829634521722,295,105.36577063788,271,108.77611512672,281,0.0996756371607289,304,-18.9464806049977,304
2000,"Stony Brook",66.7355769230769,267,65.8472816391346,273,84.0057552774969,314,87.0511952503715,309,105.42748376735,272,106.077023589245,246,0.0933674618314338,305,-19.0258283388732,305
2000,"Delaware St.",66.3224176954733,274,64.1983482668184,298,91.9872634156994,271,88.8099996537903,303,101.753861159538,203,109.278593750463,287,0.0843148433375851,307,-20.4685940966726,306
2000,"Loyola Marymount",72.4475961538461,82,72.4254501066639,58,84.873262555411,312,90.664619171679,290,111.75960298055,312,111.564519566258,297,0.0842841241228374,308,-20.8999003945791,307
2000,"Charleston Southern",74.2612713675214,41,73.6300311328924,34,85.1780866660405,310,83.670344693871,316,100.935982324959,188,104.714655387558,226,0.0704317260396088,309,-21.0443106936873,308
2000,"Prairie View A&M",81.0514423076923,2,78.1761998739409,3,92.1255077901269,270,91.9102440230431,277,105.766171240046,278,112.972753265605,309,0.0852671317376153,306,-21.0625092425622,309
2000,"Florida A&M",75.4310344827586,28,73.8104023063064,32,86.3743777832831,307,84.560382338753,314,101.021254022051,189,106.04367002008,245,0.0689180636566762,310,-21.483287681327,310
2000,"Army",67.1896901709402,251,67.0318012058201,247,77.2311924386903,317,78.1190029114851,318,96.4853211705143,95,101.799058930558,161,0.0454413566578009,313,-23.6800560190727,311
2000,"Morgan St.",73.8839781746032,46,72.1447134144669,66,88.0825893533749,300,87.6096918324368,307,105.586574247983,276,111.664977191715,299,0.0578652069664825,311,-24.0552853592782,312
2000,"Arkansas Pine Bluff",77.2713333333333,12,74.3933029995056,24,83.852061168692,315,83.1845363341035,317,102.368788096024,214,107.827962920884,267,0.0481553842893142,312,-24.643426586781,313
2000,"New Hampshire",77.1986607142857,14,75.8855101423446,13,84.1663661812833,313,84.9049707322957,313,108.446919615223,300,112.182115523732,305,0.0390231282697497,316,-27.2771447914367,314
2000,"Sacred Heart",73.4414781746032,52,72.332248298059,59,88.2813118030809,299,88.2506370834459,305,110.930272551896,307,116.057096687996,317,0.0410965690715281,314,-27.80645960455,315
2000,"Grambling St.",80.0560185185185,3,76.3985083221539,11,89.2331126103217,295,89.4666478488283,298,112.319865049652,314,117.841676261914,318,0.0403888247578588,315,-28.3750284130854,316
2000,"Florida Atlantic",71.4741379310345,110,70.937245615983,103,85.5683011444148,309,83.9137789254599,315,113.505954878481,317,113.979366180586,312,0.0287033682091463,318,-30.0655872551259,317
2000,"Howard",74.9086419753087,34,74.2852951511572,27,86.2252410793687,308,85.3487654788338,312,112.245443055722,313,115.576394901313,316,0.0296948732585105,317,-30.2276294224797,318
